isolate_code,New_labeling,source,Had_a_partner?,Glycerol_Foud,Morphology (Sohini),Mariale (found),Morphology (Mariale),Re-purification (Only P/R plates),Re-purification date,TY,TY date,Glycerol,Glycerol date,DNA pellet,DNA pellet date,DNA extraction,DNA extraction date,Quantity DNA,260/280,260/230,Replaced Glycerol/DNA pellet,Sample vol,Total DNA ,Amount of DNA in 20ul,Qubit reading (initial),Volume after speedvac,ng/ul,Half concentration. Read bottom,ng/ul ,Summary concenration (ng/ul),Used for inoculation,Total DNA,Strain Code,Strain,Var_origin
P10_E12,AVT_ON_01,O_N_YMB_D5,no,yes,Overgrown,yes,Good,,,Yes (rhizo),12/6/22,yes,12/8/22,yes,12/8/22,,1/26/23,39.6,1.97,2.09,,50,1980,792,,23,64.4,,,64.4,Yes,1481.2,_01,001,O
P10_E2,AVT_ON_02,O_N_YMB_D5,no,yes,Overgrown,yes,Good,,,Yes (rhizo),12/8/22,yes,12/11/22,yes,12/11/22,,12/12/22,16.8,2.08,1.98,,100,1680,336,10.2,35,33.2,,,33.2,Yes,1162,_02,002,O
P10_A10,AVT_ON_03,O_N_YMB_D5,no,yes,P/R,,,"Yes (rhizo, partner)",12/1/22,"Yes(partner, rhizo)","12/5/2022, 12/8/22",yes,12/11/22,yes,12/11/22,,12/12/22,24.3,2,2.1,,100,2430,486,16.4,38,40.2,,,40.2,Yes,1527.6,_03,003,O
P10_A5,AVT_ON_04,O_N_YMB_D5,yes,yes,P/R,,,"Yes (rhizo, partner)",11/30/22,Yes (rhizo),12/10/22,yes,12/14/22,yes,12/14/22,,,29.5,1.93,1.43,,100,2950,590,20.8,39,50.4,,,50.4,Yes,1965.6,_04,004,O
P10_A6,AVT_ON_05,O_N_YMB_D5,yes,yes,Overgrown,yes,,,,Yes (rhizo),12/7/22,yes,12/11/22,yes,12/11/22,,12/12/22,26.3,1.95,2.04,,100,2630,526,36.6,33,42.8,,,42.8,Yes,1412.4,_05,005,O
P10_A7,AVT_ON_06,O_N_YMB_D5,no,yes,Overgrown,yes,Good,,,Yes (rhizo),12/6/22,yes,12/11/22,yes,12/11/22,,12/12/22,20.5,1.95,1.73,,100,2050,410,17.7,30,58.2,,,58.2,Yes,1746,_06,006,O
P10_B5,AVT_ON_07,O_N_YMB_D5,no,yes,Overgrown,yes,P/R,"Yes (rhizo, partner)",12/8/22,,,yes ,1/12/23,yes ,1/12/23,,1/15/23,21.2,1.86,1.4,,100,2120,424,12.5,31,51.2,,,51.2,Yes,1587.2,_07,007,O
P10_B9,AVT_ON_08,O_N_YMB_D5,yes,yes,P/R  (Overgrown),yes,P/R,"Yes (rhizo, partner), rhizo again","12/8/2022, 12/17/2022",,,yes,1/3/23,yes ,1/3/23,,1/15/23,23.2,1.88,1.48,,100,2320,464,25.2,34,68.6,,,68.6,Yes,2332.4,_08,008,O
P10_C3,AVT_ON_09,O_N_YMB_D5,no,yes,Overgrown,yes,Good,,,Yes (rhizo),12/7/22,yes,12/11/22,yes,12/11/22,,7/12/22,19.5,2.03,1.85,,50,975,390,,34,30.2,,,30.2,Yes,1026.8,_09,009,O
P10_C4,AVT_ON_10,O_N_YMB_D5,no,yes,Overgrown,yes,P/R,"Yes (rhizo, partner)",12/7/22,Yes (rhizo) ,12/12/22,yes,12/14/22,yes,12/14/22,,7/12/22,66.8,1.97,2.06,,100,6680,1336,16.6,26,38.6,,,38.6,Yes,1003.6,_10,010,O
P10_C6,AVT_ON_11,O_N_YMB_D5,no,yes,,,,"Yes (rhizo, partner)",11/30/22,Yes (rhizo),12/5/22,yes,12/7/22,Yes,12/7/22,,7/12/22,57.9,1.98,2.13,,100,5790,1158,46.4,22,too high,,,too high,Yes,#VALUE!,_11,011,O
P10_D1,AVT_ON_12,O_N_YMB_D5,yes,yes,Overgrown,yes,,,,yes,11/30/22,yes (only2),12/5/22,Yes,12/5/22,,#REF!,22.8,1.94,1.56,,50,1140,456,,19,34.6,,,34.6,Yes,657.4,_12,012,O
P10_D11,AVT_ON_13,O_N_YMB_D5,no,yes,Overgrown,yes,Good,,,Yes (rhizo) ,12/10/22,yes,12/14/22,yes,12/14/22,,1/15/23,36.8,1.94,1.86,,100,3680,736,17,37,,34.6,69.2,69.2,Yes,2560.4,_13,013,O
P10_D5,AVT_ON_14,O_N_YMB_D5,no,yes,Overgrown,yes,,,,Yes (rhizo),12/8/22,yes,12/11/22,yes,12/11/22,,#REF!,35.2,1.86,1.26,,100,3520,704,23.8,33,,37.6,75.2,75.2,Yes,2481.6,_14,014,O
P10_D7,AVT_ON_15,O_N_YMB_D5,yes,yes,Overgrown,yes,Good,,,Yes (rhizo),12/6/22,yes ,2/25/23,yes ,2/25/23,,#REF!,38,1.93,2.28,,100,3800,760,27.6,33,,too high,#VALUE!,too high,Yes,#VALUE!,_15,015,O
P10_D9,AVT_ON_16,O_N_YMB_D5,yes,yes,Overgrown,yes,Good,,,Yes (rhizo),12/6/22,yes ,2/25/23,yes ,2/25/23,,7/12/22,54.9,1.98,2.49,,100,5490,1098,42.6,24,,too high ,#VALUE!,too high,Yes,#VALUE!,_16,016,O
P10_E10,AVT_ON_17,O_N_YMB_D5,no,yes,Overgrown,yes,Good,,,Yes (rhizo),12/8/22,yes,12/11/22,yes,12/11/22,,12/12/22,25.1,1.93,1.53,,100,2510,502,19.6,32,,25.4,50.8,50.8,Yes,1625.6,_17,017,O
P10_E11,AVT_ON_18,O_N_YMB_D5,no,yes,Overgrown,yes,P/R,"Yes(rhizo,partner)",12/6/22,yes (rhizo),12/9/22,yes,12/12/22,yes,12/12/22,,12/12/22,37.4,1.98,2,,100,3740,748,35,26,,55,110,110,Yes,2860,_18,018,O
P10_E5,AVT_ON_19,O_N_YMB_D5,yes,yes,Overgrown,yes,Good,,,yes,12/8/22,yes,12/11/22,yes,12/11/22,,12/12/22,17.1,2,1.92,,100,1710,342,12.8,34,,16,32,32,Yes,1088,_19,019,O
P10_E6,AVT_ON_20,O_N_YMB_D5,no,yes,P/R,,,Yes (rhizo),,,,yes,1/27/23,yes ,1/27/23,,3/22/23,26.3,1.3,1.3,,50,1315,526,,70,,16,32,32,Yes,2240,_20,020,O
P10_E9,AVT_ON_21,O_N_YMB_D5,no,yes,Overgrown,yes,P/R,Yes (rhizo),12/9/22,,,yes,1/28/23,yes ,1/28/23,,3/23/23,41.9,1.81,1.39,,50,2095,838,,19,,26.6,53.2,53.2,Yes,1010.8,_21,021,O
P10_F3,AVT_ON_22,O_N_YMB_D5,no,yes,P/R  (Overgrown),yes,P/R,"Yes (rhizo, partner)",12/6/22,Yes (rhizo) ,12/12/22,yes,12/14/22,yes,12/14/22,,,36.7,1.86,1.68,,100,3670,734,22.2,34,,33,66,66,Yes,2244,_22,022,O
P10_F4,AVT_ON_23,O_N_YMB_D5,no,yes,Overgrown,yes,Good,,,yes (rhizo),12/9/22,yes,12/12/22,yes,12/12/22,,12/12/22,37.3,1.94,1.58,,100,3730,746,29.4,34,,out of range,#VALUE!,too high,Yes,#VALUE!,_23,023,O
P10_F5,AVT_ON_24,O_N_YMB_D5,no,yes,Overgrown,yes,,,,yes(rhizo),12/8/22,yes,12/11/22,yes,12/11/22,,12/12/22,19.9,1.91,1.21,,100,1990,398,,33,,24.7,49.4,49.4,Yes,1630.2,_24,024,O
P10_F8,AVT_ON_25,O_N_YMB_D5,no,yes,Overgrown,yes,,Yes (rhizo),12/12/22,,,yes,1/28/23,yes ,1/28/23,,#REF!,43.6,1.85,1.74,,50,2180,872,,19,,30.6,61.2,61.2,Yes,1162.8,_25,025,O
P10_F9,AVT_ON_26,O_N_YMB_D5,no,yes,Overgrown,yes,,,,yes(rhizo),12/8/22,yes,12/11/22,yes,12/11/22,,12/12/22,26.3,1.89,1.51,,100,2630,526,,29,,39.7,79.4,79.4,Yes,2302.6,_26,026,O
P10_G4,AVT_ON_28,O_N_YMB_D5,yes,yes,Overgrown,yes,Good,,,Yes (rhizo),12/6/22,yes,12/11/22,yes,12/11/22,,#REF!,28,2,1.95,,100,2800,560,,35,,26.6,53.2,53.2,Yes,1862,_28,028,O
P10_G5,AVT_ON_29,O_N_YMB_D5,yes,yes,Overgrown,yes,Good,,,yes (rhizo),12/6/22,yes ,2/25/23,yes ,2/25/23,,7/12/22,42.9,1.98,2.56,,50,2145,858,,19,,25.1,50.2,50.2,Yes,953.8,_29,029,O
P10_G7,AVT_ON_30,O_N_YMB_D5,no,yes,Good,,,,,yes,11/30/22,yes (only2),12/5/22,Yes,12/5/22,,7/12/22,34.9,2.02,1.81,,100,3490,698,,29,,7.52,15.04,15.04,Yes,436.16,_30,030,O
P1_F12,AVT_SN_31,S_N_YMB_D5,no,,,yes,P/R,"Yes(rhizo,partner)",12/8/22,,,yes,1/3/23,yes,1/3/23,,1/15/23,9,1.49,0.55,,100,900,180,,31,,16.3,32.6,32.6,Yes,1010.6,_31,031,S
P1_G10,AVT_SN_32,S_N_YMB_D5,no,yes,Overgrown,yes,Good,,,Yes (rhizo) ,12/10/22,yes,12/12/22,yes,12/12/22,,1/0/00,30.2,1.95,1.68,,100,3020,604,,31,,23.7,47.4,47.4,Yes,1469.4,_32,032,S
P1_G2,AVT_SN_33,S_N_YMB_D5,no,,,yes,,,,Yes (rhizo) ,12/14/22,yes,12/17/22,yes ,12/17/22,,,43.6,1.89,1.66,,100,4360,872,,37,,42.8,85.6,85.6,Yes,3167.2,_33,033,S
P1_G8,AVT_SN_34,S_N_YMB_D5,no,yes,Overgrown,yes,P/R,"Yes (rhizo), rhizo again","12/9/2022, 12/17/2022",,,yes,1/28/23,yes ,1/28/23,,7/12/22,31.1,1.76,1.24,,50,1555,622,,21,,23.3,46.6,46.6,Yes,978.6,_34,034,S
P1_G9,AVT_SN_35,S_N_YMB_D5,no,yes,Overgrown,yes,,,,yes(rhizo),12/8/22,yes,12/11/22,yes,12/11/22,,1/0/00,27.5,2.03,1.83,,100,2750,550,,35,,32,64,64,Yes,2240,_35,035,S
P29_B12,AVT_SN_37,S_N_YMB_D5,no,yes,Overgrown,yes,Good,,,yes (rhizo),12/9/22,yes,12/11/22,yes,12/11/22,,1/26/23,23.9,1.94,1.85,,100,2390,478,,36,,27,54,54,Yes,1944,_37,037,S
P29_B3,AVT_SN_38,S_N_YMB_D5,no,,,yes,P/R,"Yes (rhizo, partner), rhizo again","12/10/2022, 12/17/2022",,,yes,1/3/23,yes ,1/3/23,,1/15/23,38.1,1.96,1.7,,100,3810,762,,35,,38.9,77.8,77.8,Yes,2723,_38,038,S
P29_B4,AVT_SN_39,S_N_YMB_D5,no,yes,PAR/RHIZO (overgrown),yes,P/R,"Yes (rhizo, partner), rhizo again","12/10/2022, 12/17/2022",,,yes,1/3/23,yes ,1/3/23,,1/15/23,19.3,1.82,1.53,,100,1930,386,,34,,38.6,77.2,77.2,Yes,2624.8,_39,039,S
P29_B7,AVT_SN_41,S_N_YMB_D5,no,yes,,,,"Yes (rhizo, partner)",12/1/22,Yes (rhizo),12/5/22,yes,12/7/22,yes,12/7/22,,6/16/23,40.1,2.09,3.69,,100,4010,802,,21,,too high ,#VALUE!,too high,Yes,#VALUE!,_41,041,S
P29_B9,AVT_SN_42,S_N_YMB_D5,no,yes,P/R,,,"Yes (rhizo, partner)",,,,yes,1/6/23,yes,1/6/23,,1/15/23,14.1,1.61,0.8,,100,1410,282,,24,,29,58,58,Yes,1392,_42,042,S
P29_C10,AVT_SN_43,S_N_YMB_D5,no,,,yes,P/R,"Yes  (rhizo, partner), Rhizo again","12/10/2022, 12/17/2022",,,yes,1/3/23,yes ,1/3/23,,1/15/23,22.2,1.88,1.06,,100,2220,444,,32,,21.1,42.2,42.2,Yes,1350.4,_43,043,S
P29_C5,AVT_SN_44,S_N_YMB_D5,no,yes,Overgrown,yes,Good,,,Yes (rhizo) ,12/10/22,yes,12/12/22,yes,12/12/22,,7/12/22,33.3,1.94,1.92,,100,3330,666,,36,,30.4,60.8,60.8,Yes,2188.8,_44,044,S
P29_C6,AVT_SN_45,S_N_YMB_D5,no,,,yes,,,,,,yes ,1/12/23,yes ,1/12/23,,1/0/00,26.5,1.95,1.27,,100,2650,530,,29,,42.9,85.8,85.8,Yes,2488.2,_45,045,S
P29_C7,AVT_SN_46,S_N_YMB_D5,no,yes,,yes,P/R,"Yes (rhizo, partner), rhizo again","12/10/2022, 12/17/2022",,,yes,1/3/23,yes ,1/3/23,,1/15/23,25.6,1.94,1.75,,100,2560,512,,31,,32.6,65.2,65.2,Yes,2021.2,_46,046,S
P29_C8,AVT_SN_47,S_N_YMB_D5,no,yes,Overgrown,yes,,,,yes(rhizo),12/8/22,yes,12/11/22,yes,12/11/22,,1/26/23,49.3,1.81,1.31,,100,4930,986,,25,,53,106,106,Yes,2650,_47,047,S
P29_C9,AVT_SN_48,S_N_YMB_D5,no,yes,,yes,Good,,,Yes (rhizo) ,12/10/22,yes,12/12/22,yes,12/12/22,,1/26/23,32.2,1.97,1.91,,100,3220,644,,31,,34.8,69.6,69.6,Yes,2157.6,_48,048,S
P29_D2,AVT_SN_49,S_N_YMB_D5,no,yes,P/R,,,"yes (rhizo, partner)",12/1/22,"Yes (rhizo, partner)","12/5/2022, 12/7/2022",yes ,12/7/22,yes,12/7/22,,7/12/22,91.8,1.91,2.02,,100,9180,1836,,32,,41.2,82.4,82.4,Yes,2636.8,_49,049,S
P29_D4,AVT_SN_50,S_N_YMB_D5,no,yes,,yes,P/R,"Yes (rhizo, partner), rhizo again","12/8/2022, 12/17/2022",,,yes,1/28/23,yes ,1/28/23,,7/10/23,30.6,1.89,1.34,,50,1530,612,,19,,42.8,85.6,85.6,Yes,1626.4,_50,050,S
P29_E3,AVT_SN_52,S_N_YMB_D5,no,yes,contamination,yes,P/R,Yes (rhizo),12/10/22,,,yes,1/3/23,yes ,1/3/23,,1/15/23,26.5,1.87,1.23,,100,2650,530,,20,,31.2,62.4,62.4,Yes,1248,_52,052,S
P29_E4,AVT_SN_53,S_N_YMB_D5,no,,,yes,P/R,"Yes (rhizo, partner)",,,,yes,1/28/23,yes ,1/28/23,,1/15/23,50.8,1.84,1.89,,50,2540,1016,,50,,17.3,34.6,34.6,Yes,1730,_53,053,S
P29_F4,AVT_SN_54,S_N_YMB_D5,no,yes,PAR/RHIZO (overgrown),yes,P/R,"yes (rhizo,p",12/8/22,Yes (rhizo) ,12/12/22,yes,1/27/23,yes ,1/27/23,,1/15/23,27.2,1.86,1.56,,100,2720,544,,19,,14.5,29,29,Yes,551,_54,054,S
P29_F8,AVT_SN_55,S_N_YMB_D5,no,yes,Overgrown,yes,P/R,"Yes (rhizo, partner), rhizo again",12/17/22,,,yes,1/6/23,yes,1/6/23,,1/15/23,4.7,1.45,0.49,,100,470,94,13,20,,26.1,52.2,52.2,Yes,1044,_55,055,S
P29_G9,AVT_SN_56,S_N_YMB_D5,no,yes,PAR/RHIZO (overgrown),yes,,,,,,yes,1/6/23,yes,1/6/23,,1/15/23,26.4,1.98,1.47,,100,2640,528,,39,,42.9,85.8,85.8,Yes,3346.2,_56,056,S
P29_H10,AVT_SN_57,S_N_YMB_D5,no,yes,PAR/RHIZO (overgrown),yes,P/R,"Yes (rhizo, partner)",,,,yes,1/12/23,yes ,1/12/23,,1/15/23,7.7,1.85,1.05,,100,770,154,18.7,15,,41.7,83.4,83.4,Yes,1251,_57,057,S
P29_H5,AVT_SN_58,S_N_YMB_D5,no,yes,P/R,,,"Yes (rhizo, partner)",12/2/22,,,yes,1/28/23,yes ,1/28/23,,7/10/23,66.9,1.97,2.1,,50,3345,1338,,17,,59,118,118,Yes,2006,_58,058,S
P29_H8,AVT_SN_59,S_N_YMB_D5,no,yes,Overgrown,yes,P/R,"Yes (rhizo), rhizo again","12/9/2022, 12/17/2022",,,yes,1/28/23,yes ,1/28/23,,#REF!,44.4,1.88,2.04,,200,8880,888,,100,,7.65,15.3,15.3,Yes,1530,_59,059,S
P30_A1,AVT_SN_60,S_N_YMB_D5,no,,,yes,P/R,Yes (rhizo),12/8/22,,,yes,1/28/23,yes ,1/28/23,,7/10/23,96.7,1.6,0.7,,50,4835,1934,,16,,30,60,60,Yes,960,_60,060,S
P12_G11*,AVT_VN_62,V_N_YMB_D5,no,yes,R/P,,,Yes (rhizo) (partner),"(11/28/2022), (12/01/2022)",Yes (rhizo),11/30/22,yes ,2/21/23,yes ,2/21/23,,7/10/23,59.6,1.92,1.88,Replaced glycerol,50,2980,1192,,22,,44,88,88,Yes,1936,_62,062,V
P12_G12,AVT_VN_63,V_N_YMB_D5,no,yes,P/R ,,,"yes (rhizo, partner)",11/30/22,yes (rhizo),12/5/22,Yes,12/7/22,Yes,12/7/22,,7/12/22,69.6,1.93,1.68,,100,6960,1392,,33,,30.5,61,61,Yes,2013,_63,063,V
P12_G9,AVT_VN_64,V_N_YMB_D5,yes,not streaked,,yes,P/R,"yes (rhizo, partner)",12/8/22,,,Yes,1/3/23,yes ,1/3/23,,1/15/23,36.3,1.94,1.89,,100,3630,726,,33,,52,104,104,Yes,3432,_64,064,V
P12_H10,AVT_VN_65,V_N_YMB_D5,yes,yes,P/R,,,"yes (rhizo, partner)",12/1/22,yes (rhizo),12/9/22,yes,12/11/22,yes,12/11/22,,7/26/23,7.3,1.9,1.2,,100,730,146,,32,,14.4,28.8,28.8,Yes,921.6,_65,065,V
P12_H8,AVT_VN_67,V_N_YMB_D5,,,,,,,,,,yes,1/28/23,yes ,1/28/23,,#REF!,77.5,1.87,1.86,,50,3875,1550,,20,,42.5,85,85,Yes,1700,_67,067,V
P12_H6,AVT_VN_68,V_N_YMB_D5,no,yes,overgrown,yes,P/R,"yes (rhizo, partner)",12/8/22,,,yes,1/27/23,yes ,1/27/23,,#REF!,21.2,1.75,1.3,,50,1060,424,,20,,14.5,29,29,Yes,580,_68,068,V
P12_H7,AVT_VN_69,V_N_YMB_D5,yes,yes,overgrown,yes,P/R,"yes (rhizo, partner)",12/8/22,Yes (rhizo) ,12/14/22,yes ,12/17/22,yes ,12/17/22,,1/15/23,34.3,1.93,1.95,,100,3430,686,,37,,27.4,54.8,54.8,Yes,2027.6,_69,069,V
P13_A12,AVT_VN_70,V_N_YMB_D5,no,yes,overgrown,yes,P/R,"Yes (rhizo, partner)",12/8/22,Yes (rhizo) ,12/14/22,yes ,12/17/22,yes,12/17/22,,1/15/23,43.5,1.89,1.8,,100,4350,870,,37,,53,106,106,Yes,3922,_70,070,V
P13_A3,AVT_VN_71,V_N_YMB_D5,no,yes,P/R,,,yes (rhizo),11/30/22,Yes (rhizo),12/5/22,yes,12/7/22,yes,12/7/22,,1/26/23,21,2.28,-11.44,,100,2100,420,,20,,37.8,75.6,75.6,Yes,1512,_71,071,V
P13_A7,AVT_VN_72,V_N_YMB_D5,no,yes,P/R (overgrown),yes,,"yes (rhizo, partner)",12/8/22,,,yes,1/27/23,yes ,1/27/23,,#REF!,32.8,1.88,2.16,,50,1640,656,,20,,18,36,36,Yes,720,_72,072,V
P13_A9,AVT_VN_73,V_N_YMB_D5,no,yes,P/R ,,,"Yes (rhizo, partner)",12/2/22,Yes (partner),12/6/22,yes,1/27/23,yes ,1/27/23,,#REF!,13.7,1.84,2.83,,50,685,274,,18,,10.4,20.8,20.8,Yes,374.4,_73,073,V
P13_B12,AVT_VN_74,V_N_YMB_D5,no,yes,Overgrown,yes,,,,yes (rhizo),12/8/22,yes,12/11/22,yes,12/11/22,,7/10/23,46.4,1.96,1.95,,50,2320,928,,19,,36.8,73.6,73.6,Yes,1398.4,_74,074,V
P13_B7,AVT_VN_75,V_N_YMB_D5,no,yes,,yes,Resterak P/R no isolation. Rhizo again,,,,,yes,1/28/23,yes ,1/28/23,,#REF!,58.1,1.8,1.33,,50,2905,1162,,20,,44.2,88.4,88.4,Yes,1768,_75,075,V
P13_C1,AVT_VN_76,V_N_YMB_D5,yes,yes,,,,,,yes,11/30/22,yes,12/5/22,yes,12/5/22,,#REF!,35.8,1.94,1.45,,100,3580,716,,23,,9.36,18.72,18.72,Yes,430.56,_76,076,V
P13_A11,AVT_VN_77,V_N_YMB_D5,,,,,,,,,,yes,1/28/23,yes ,1/28/23,,#REF!,38.3,1.82,1.56,,100,3830,766,,20,,60,120,120,Yes,2400,_77,077,V
P13_C3,AVT_VN_78,V_N_YMB_D5,no,yes,P/R,,,"yes (rhizo, partner)",11/30/22,Yes (rhizo),12/5/22,yes,12/7/22,yes,12/7/22,,7/12/22,154.2,1.92,2.1,,50,7710,3084,,20,,30.6,61.2,61.2,Yes,1224,_78,078,V
P13_C6,AVT_VN_79,V_N_YMB_D5,yes,yes,P/R (overgrown),yes,,,,yes(rhizo),12/8/22,yes ,"Sunday, December 11, 2022",yes,12/11/22,,7/12/22,19.9,1.97,1.57,,100,1990,398,,27,,23.3,46.6,46.6,Yes,1258.2,_79,079,V
P13_D11,AVT_VN_80,V_N_YMB_D5,no,yes,P/R (overgrown),yes,P/R,"Yes (rhizo, partner)",12/10/22,,,yes,1/9/23,yes ,1/9/23,,1/15/23,21.5,1.87,1.4,,100,2150,430,,50,,15.6,31.2,31.2,Yes,1560,_80,080,V
P13_D3,AVT_VN_81,V_N_YMB_D5,no,yes,P/R,,,yes(rhizo),12/2/22,Yes (rhizo),12/8/22,yes,12/11/22,yes,12/11/22,,7/12/22,26.5,1.95,1.27,,100,2650,530,,50,,15.5,31,31,Yes,1550,_81,081,V
P13_D4,AVT_VN_82,V_N_YMB_D5,yes,yes,P/R (overgrown),yes,,,,,,yes,12/11/22,yes,12/11/22,,7/12/22,79.9,1.79,1.04,,100,7990,1598,,26,,too high,#VALUE!,too high,Yes,#VALUE!,_82,082,V
P13_D6,AVT_VN_83,V_N_YMB_D5,no,yes,Overgrown,yes,Good,,,Yes (rhizo) ,12/10/22,yes,12/14/22,yes,12/14/22,,1/15/23,52.7,1.89,1.8,,100,5270,1054,,40,,36.7,73.4,73.4,Yes,2936,_83,083,V
P13_D8,AVT_VN_84,V_N_YMB_D5,yes,yes,overgrown,yes,,,,yes(rhizo),12/8/22,yes,12/11/22,yes,12/11/22,,7/12/22,25.8,2.02,2.12,,100,2580,516,,26,,32.6,65.2,65.2,Yes,1695.2,_84,084,V
P13_E1,AVT_VN_85,V_N_YMB_D5,yes,yes,overgrown,yes,P/R,"yes (rhizo, partner)",12/8/22,,,yes,12/21/22,yes ,12/21/22,,12/20/22,31.9,1.9,1.56,,100,3190,638,,28,,41.4,82.8,82.8,Yes,2318.4,_85,085,V
P13_E3,AVT_VN_86,V_N_YMB_D5,no,yes,P/R,,,"yes (rhizo, partner)",12/2/22,,,yes,1/6/23,yes,1/6/23,,12/20/22,29.9,1.92,1.82,,100,2990,598,,30,,43.8,87.6,87.6,Yes,2628,_86,086,V
P13_E9,AVT_VN_87,V_N_YMB_D5,no,done twice,,yes,,,,Yes,12/1/22,Yes,12/5/22,Yes,12/5/22,,#REF!,114.2,1.76,1.14,,100,11420,2284,,20,,26.5,53,53,Yes,1060,_87,087,V
P13_F2,AVT_VN_88,V_N_YMB_D5,yes,yes,overgrown,yes,,,,Yes (rhizo),12/7/22,yes,12/11/22,yes,12/11/22,,7/12/22,40.6,1.83,1.37,,100,4060,812,,30,,52,104,104,Yes,3120,_88,088,V
P13_G2*,AVT_VN_89,V_N_YMB_D5,no,yes,overgrown,yes,Good,,,Yes (rhizo),12/7/22,yes,12/11/22,yes,12/11/22,,7/12/22,32.2,1.98,2.1,,100,3220,644,,26,,27.6,55.2,55.2,Yes,1435.2,_89,089,V
P13_G4,AVT_VN_90,V_N_YMB_D5,no,yes,overgrown,yes,Good,,,Yes (rhizo) ,12/10/22,yes,12/14/22,yes,12/14/22,,12/20/22,34.3,1.91,1.76,,100,3430,686,,20,,40.3,80.6,80.6,Yes,1612,_90,090,V
P10_E7,AVT_ON_91,O_N_YMB_D5,,,,Yes,,,,Yes (rhizo) ,12/14/22,yes ,2/26/23,yes ,2/26/23,,#REF!,52.7,1.58,0.72,,100,5270,1054,,20,,30.2,60.4,60.4,Yes,1208,_91,091,O
P1_G7,AVT_SN_92,S_N_YMB_D5,,,,Yes,,,,,,yes,12/21/22,yes ,12/21/22,,12/20/22,8,1.91,2.26,,100,800,160,,25,,21.1,42.2,42.2,Yes,1055,_92,092,S
P29_H1,AVT_SN_93,S_N_YMB_D5,,,,yes,,,,Yes (rhizo) ,12/17/22, ,12/21/22,yes ,12/21/22,,12/20/22,38.6,1.88,1.52,,100,3860,772,,25,,52,104,104,Yes,2600,_93,093,S
P29_H3,AVT_SN_94,S_N_YMB_D5,,,,yes,,,,Yes (rhizo) ,12/14/22,yes,12/17/22,yes,12/17/22,,12/20/22,38.6,1.88,1.52,,100,3860,772,,25,,too high,#VALUE!,too high,Yes,#VALUE!,_94,094,S
P12_H4,AVT_VN_95,V_N_YMB_D5,,,,,,,,Yes (rhizo) ,12/14/22,yes,12/17/22,yes,12/17/22,,12/20/22,27,1.94,1.93,,100,2700,540,,37,,34.6,69.2,69.2,Yes,2560.4,_95,095,V
P13_D12,AVT_VN_96,V_N_YMB_D5,,,,,,,,Yes (rhizo) ,12/14/22,yes,12/17/22,yes,12/17/22,,12/20/22,30.8,1.83,1.5,,100,3080,616,,37,,29.8,59.6,59.6,Yes,2205.2,_96,096,V
P10_E1_P,AVT_ON_97,O_N_YMB_D5,no,,,,,,,,,yes,1/27/23,yes ,1/27/23,,#REF!,27.9,1.96,2.44,,50,1395,558,,19,,23.1,46.2,46.2,Yes,877.8,_97,097,O
P10_G5_P,AVT_ON_98,O_N_YMB_D5,no,,,,,,,,,yes,1/27/23,yes ,1/27/23,,#REF!,18.3,1.76,1.07,,100,1830,366,,20,,11.4,22.8,22.8,Yes,456,_98,098,O
P10_D7_P,AVT_ON_99,O_N_YMB_D5,no,,,,,,,,,yes,1/27/23,yes ,1/27/23,,#REF!,50.4,1.88,1.92,,50,2520,1008,,20,,38.9,77.8,77.8,Yes,1556,_99,099,O
P10_D9_P,AVT_ON_100,O_N_YMB_D5,no,,,,,,,,,yes,1/27/23,yes ,1/27/23,,#REF!,31.5,1.84,1.94,,50,1575,630,,,,,0,0,Yes,0,100,100,O
P10_E7_P,AVT_ON_101,O_N_YMB_D5,no,,,,,,,,,yes,1/27/23,yes ,1/27/23,,#REF!,39.6,1.87,1.81,,50,1980,792,,20,,27.5,55,55,Yes,1100,101,101,O
P10_D1_P,AVT_ON_102,O_N_YMB_D5,no,,,,,,,,,yes ,2/21/23,yes ,2/21/23,,#REF!,24.5,2.13,3.47,,50,1225,490,,24,,17.7,35.4,35.4,Yes,849.6,102,102,O
P10_A10_P,AVT_ON_103,O_N_YMB_D5,no,,,,,,,,,yes ,2/21/23,yes ,2/21/23,,#REF!,56.7,1.79,1.36,,50,2835,1134,,25,,38,76,76,Yes,1900,103,103,O
P10_A5_P,AVT_ON_104,O_N_YMB_D5,no,,,,,,,,,yes ,2/21/23,yes ,2/21/23,,#REF!,91.7,2.03,2.21,,50,4585,1834,,25,,24.2,48.4,48.4,Yes,1210,104,104,O
P10_E11_P,AVT_ON_105,O_N_YMB_D5,no,,,,,,,,,yes ,2/21/23,yes ,2/21/23,,#REF!,82.2,1.9,1.85,,50,4110,1644,,23,,48.3,96.6,96.6,Yes,2221.8,105,105,O
P1_G7_P,AVT_SN_106,S_N_YMB_D5,no,,,,,,,,,yes,1/27/23,yes ,1/27/23,,#REF!,28,1.78,1.5,,100,2800,560,,22,,18.3,36.6,36.6,Yes,805.2,106,106,S
P29_H1_P,AVT_SN_107,S_N_YMB_D5,no,,,,,,,,,yes,1/27/23,yes ,1/27/23,,#REF!,25.3,1.78,1.68,,50,1265,506,,25,,8.17,16.34,16.34,Yes,408.5,107,107,S
P29_H3_P,AVT_SN_108,S_N_YMB_D5,no,,,,,,,,,yes,1/27/23,yes ,1/27/23,,#REF!,45.6,1.87,2.06,,50,2280,912,,25,,21.4,42.8,42.8,Yes,1070,108,108,S
P5_C7_P,AVT_SN_109,S_N_R2A_D5,no,,,,,,,,,yes ,2/22/23,yes ,2/22/23,,#REF!,62,1.63,0.76,,50,3100,1240,,25,,40.2,80.4,80.4,Yes,2010,109,109,S
P5_E7_P,AVT_SN_110,S_N_R2A_D5,no,,,,,,,,,yes ,2/21/23,yes ,2/21/23,,#REF!,59,1.95,1.51,,50,2950,1180,,25,,20.7,41.4,41.4,Yes,1035,110,110,S
P29_B7_P,AVT_SN_111,S_N_YMB_D5,no,,,,,,,,,yes ,2/21/23,yes ,2/21/23,,#REF!,182.3,1.99,1.67,,50,9115,3646,,25,,24.8,49.6,49.6,Yes,1240,111,111,S
P29_D2_P,AVT_SN_112,S_N_YMB_D5,no,,,,,,,,,yes ,2/21/23,yes ,2/21/23,,#REF!,300.5,2.11,2.24,,50,15025,6010,,25,,17.2,34.4,34.4,Yes,860,112,112,S
P5_F7_P,AVT_SN_113,S_N_YMB_D5,no,,,,,,,,,yes ,2/25/23,yes ,2/25/23,,#REF!,60.5,1.96,2.15,,50,3025,1210,,25,,31,62,62,Yes,1550,113,113,S
P5_F12_P,AVT_SN_114,S_N_R2A_D5,no,,,,,,,,,yes ,2/21/23,yes ,2/21/23,,#REF!,67,1.88,1.85,,50,3350,1340,,25,,37.7,75.4,75.4,Yes,1885,114,114,S
P12_H4_P,AVT_VN_115,V_N_YMB_D5,no,,,,,,,,,yes ,2/21/23,yes ,2/21/23,,#REF!,73.6,1.471,1.87,,50,3680,1472,,25,,43.1,86.2,86.2,Yes,2155,115,115,V
P13_D12_P,AVT_VN_116,V_N_YMB_D5,no,,,,,,,,,yes ,2/21/23,yes ,2/21/23,,#REF!,50.7,1.93,2.07,,50,2535,1014,,25,,39.2,78.4,78.4,Yes,1960,116,116,V
P13_E3_P,AVT_VN_117,V_N_YMB_D5,no,,,,,,,,,yes ,2/21/23,yes ,2/21/23,,#REF!,231.9,2.02,2.15,,50,11595,4638,,25,,40.9,81.8,81.8,Yes,2045,117,117,V
P13_C3_P,AVT_VN_118,V_N_YMB_D5,no,,,,,,,,,yes ,2/21/23,yes ,2/21/23,,#REF!,68.9,1.9,1.9,,50,3445,1378,,25,,36.1,72.2,72.2,Yes,1805,118,118,V
P13_A9_P,AVT_VN_119,V_N_YMB_D5,no,,,,,,,,,yes ,2/21/23,yes ,2/21/23,,#REF!,59.8,1.94,2.15,,50,2990,1196,,25,,28.4,56.8,56.8,Yes,1420,119,119,V
P12_G11_P,AVT_VN_120,V_N_YMB_D5,no,,,,,,,,,yes ,2/21/23,yes ,2/21/23,,#REF!,63.9,1.89,2.06,,50,3195,1278,,25,,35.7,71.4,71.4,Yes,1785,120,120,V
P14_D3_P,AVT_VN_121,V_N_R2A_D5,no,,,,,,,,,yes ,2/22/23,yes ,2/22/23,,#REF!,32,1.95,2.4,,50,1600,640,,25,,19,38,38,Yes,950,121,121,V
P14_H1_P,AVT_VN_122,V_N_R2A_D5,no,,,,,,,,,yes ,2/21/23,yes ,2/21/23,,#REF!,59.7,1.93,2.07,,50,2985,1194,,25,,38,76,76,Yes,1900,122,122,V
P14_F7_P,AVT_VN_123,V_N_R2A_D5,no,,,,,,,,,yes ,2/21/23,yes ,2/21/23,,#REF!,77.6,1.9,1.88,,50,3880,1552,,25,,too high,#VALUE!,too high,Yes,#VALUE!,123,123,V
E8,AVT_CB_EXC,,,,,,,,,,,,,,,,#REF!,49,1.89,1.65,,50,2450,980,,25,,24.2,48.4,48.4,Yes,1210,EXC,EXC,
N2,AVT_CB_NIG,,,,,,,,,,,,,,,,#REF!,50.1,1.97,2.29,,50,2505,1002,,25,,27.3,54.6,54.6,Yes,1365,NIG,NIG,
P29_B10,AVT_SN_36,S_N_YMB_D5,no,Glycerol not found,,,,,,,,,,,,,,,,,,,,0,,,,,0,,,,,,
P29_B5,AVT_SN_40,S_N_YMB_D5,no,yes,Overgrown,yes,P/R,Yes (rhizo) ,12/9/22,,,,,,,,,,,,,,,0,,,,,0,,,,,,
P29_E12,AVT_SN_51,S_N_YMB_D5,no,yes,P/R (overgrown),yes,P/R,"yes(rhizo,partner), rhizo again","12/8/2022, 12/17/2022",,,yes,1/28/23,yes ,1/28/23,,,,,,,,,0,,,,,0,,,,,,
P12_E5,AVT_VN_61,V_N_YMB_D5,,Glycerol not found,,,,,,,,,,,,,,,,,,,,0,,,,,,,,,,,
P12_H2,AVT_VN_66,V_N_YMB_D5,no,yes,,glycerol not found,,,,,,,,,,,,,,,,,0,0,,,,,,,,,,,
,AVT_CB_TRL,,,,,,,,,,,,,,,,,,,,,,,,,,,,,,,,,,
P10_G1,AVT_ON_27,O_N_YMB_D5,no,yes,Overgrown,yes,P/R,"Yes (rhizo), rhizo again","12/9/2022, 12/17/22",,,yes,1/3/22,yes ,1/3/22,,,17.9,1.59,0.74,,100,1790,358,,20,,39.7,79.4,79.4,NO,,,,