Plant,Nodule,Ind.Label,Nodule.area,Nodule.lobes,dilution.counted,spot.1,spot.2,spot.3,spot.4,spot.5,spot.avg,Counted by,Comments,Lianas rhizobia released per nodule calculation,Morphology
001.O.a,1,001.O.a.1,0.023,2,  ,12,9,9,5,10,9,LTB,,#VALUE!,R
001.O.a,2,001.O.a.2,0.025,1,3,20,21,23,37,25,25.2,LTB,,126000,R
001.O.a,3,001.O.a.3,0.026,1,,,,,,,#DIV/0!,SG,No growth ,#DIV/0!,R
001.O.a,4,001.O.a.4,0.041,3,3,11,11,21,9,29,16.2,LTB,,81000,R
001.O.a,5,001.O.a.5,0.052,2,5,30,17,8,5,8,13.6,SG,,6800000,R
001.O.a,6,001.O.a.6,0.126,3,,,,,,,#DIV/0!,SG,CONTA;NO RHIZOBIA,#DIV/0!,R
001.O.b,1,001.O.b.1,0.018,1,4,70,73,60,53,55,62.2,SG,,3110000,R
001.O.b,2,001.O.b.2,0.024,2,5,17,15,14,20,17,16.6,,NEED TO CHECK,8300000,R
001.O.b,3,001.O.b.3,0.026,1,4,72,68,75,73,45,66.6,SG,,3330000,R
001.O.b,4,001.O.b.4,0.063,2,6,2,10,16,4,5,7.4,SG,,37000000,R
001.O.b,5,001.O.b.5,0.054,2,6,8,1,2,7,4,4.4,SG,,22000000,R
001.O.b,6,001.O.b.6,0.115,More than 5,5,17,8,27,13,13,15.6,SG,,7800000,R
001.O.c,1,001.O.c.1,0.005,1,2,14,11,12,20,14,14.2,SG,,7100,R
001.O.c,2,001.O.c.2,0.017,1,5,13,8,3,7,3,6.8,SG,,3400000,R
001.O.c,3,001.O.c.3,0.025,1,,,,,,,#DIV/0!,,CONTA;NO RHIZOBIA,#DIV/0!,R
001.O.c,4,001.O.c.4,0.028,1,5,14,14,5,9,6,9.6,SG,0,4800000,R
001.O.c,5,001.O.c.5,0.046,3,5,41,2,13,13,12,16.2,SG,,8100000,R
001.O.c,6,001.O.c.6,0.114,More than 5,,,,,,,#DIV/0!,,CONTA;NO RHIZOBIA,#DIV/0!,R
001.S.a,1,001.S.a.1,0.009,1,3,45,40,55,19,33,38.4,LTB,,192000,R
001.S.a,2,001.S.a.2,0.019,1,3,27,17,20,28,21,22.6,LTB,,113000,R
001.S.a,3,001.S.a.3,0.043,3,4,97,111,125,84,60,95.4,SG,,4770000,R
001.S.a,4,001.S.a.4,0.054,3,6,3,1,5,1,0,2,SG,this plate had no colonies in the 5th dil,10000000,R
001.S.a,5,001.S.a.5,0.219,More than 5,,,,,,,#DIV/0!,SG,CONTA;NO RHIZOBIA,#DIV/0!,R
001.S.a,6,001.S.a.6,0.303,More than 5,,,,,,,#DIV/0!,SG,CONTA;NO RHIZOBIA,#DIV/0!,R
001.S.b,1,001.S.b.1,0.014,1,3,6,7,5,2,,5,SG,,25000,R
001.S.b,2,001.S.b.2,0.016,1,3,44,27,23,51,33,35.6,SG,,178000,R
001.S.b,3,001.S.b.3,0.034,1,4,68,64,62,80,74,69.6,SG,,3480000,R
001.S.b,4,001.S.b.4,0.044,3,5,17,23,36,11,22,21.8,SG,,10900000,R
001.S.b,5,001.S.b.5,0.085,More than 5,,,,,,,#DIV/0!,SG,NO GROWTH,#DIV/0!,R
001.S.b,6,001.S.b.6,0.107,More than 5,5,1,0,0,0,0,0.2,SG,NO GROWTH,100000,R
001.S.c,1,001.S.c.1,0.011,1,3,5,6,5,8,4,5.6,LTB,,28000,R
001.S.c,2,001.S.c.2,0.026,2,3,86,92,102,100,64,88.8,LTB,,444000,R
001.S.c,3,001.S.c.3,0.029,1,4,55,51,66,38,68,55.6,SG,,2780000,R
001.S.c,4,001.S.c.4,0.069,5,5,15,15,5,19,9,12.6,SG,,6300000,R
001.S.c,5,001.S.c.5,0.068,More than 5,,,,,,,#DIV/0!,SG,NO GROWTH,#DIV/0!,R
001.S.c,6,001.S.c.6,0.22,More than 5,,,,,,,#DIV/0!,SG,NO GROWTH,#DIV/0!,R
001.V.a,1,001.V.a.1,0.008,1,3,21,14,23,11,18,17.4,LTB,,87000,R
001.V.a,2,001.V.a.2,0.029,1,4,13,5,11,13,3,9,SG,,450000,R
001.V.a,3,001.V.a.3,0.036,1,4,29,59,24,24,22,31.6,SG,,1580000,R
001.V.a,4,001.V.a.4,0.054,3,5,24,16,18,21,28,21.4,SG,,10700000,R
001.V.a,5,001.V.a.5,0.056,3,6,11,6,9,9,5,8,SG,,40000000,R
001.V.a,6,001.V.a.6,0.126,5,,,,,,,#DIV/0!,SG,CONTA;NO RHIZOBIA,#DIV/0!,R
001.V.b,1,001.V.b.1,0.011,2,2,6,6,3,3,3,4.2,LTB,NO GROWTH,2100,R
001.V.b,2,001.V.b.2,0.017,1,4,60,39,45,36,35,43,SG,,2150000,R
001.V.b,3,001.V.b.3,0.025,1,4,49,56,50,28,0,36.6,SG,,1830000,R
001.V.b,4,001.V.b.4,0.051,1,5,15,9,9,15,5,10.6,SG,,5300000,R
001.V.b,5,001.V.b.5,0.069,3,5,0,2,2,4,2,2,SG,,1000000,R
001.V.b,6,001.V.b.6,0.092,More than 5,5,26,23,21,22,32,24.8,SG,,12400000,R
001.V.c,1,001.V.c.1,0.029,2,4,14,9,9,20,30,16.4,SG,,820000,R
001.V.c,2,001.V.c.2,0.025,1,3,78,87,80,93,80,83.6,LTB,,418000,R
001.V.c,3,001.V.c.3,0.054,3,4,37,23,26,30,10,25.2,SG,,1260000,R
001.V.c,4,001.V.c.4,0.063,3,5,49,15,32,5,22,24.6,SG,,12300000,R
001.V.c,5,001.V.c.5,0.073,5,5,35,29,23,25,3,23,SG,,11500000,R
001.V.c,6,001.V.c.6,0.066,5,6,13,2,2,22,7,9.2,SG,,46000000,R
012.O.a,1,012.O.a.1,0.01,1,,,,,,,#DIV/0!,,No growth,#DIV/0!,R
012.O.a,2,012.O.a.2,0.013,1,,,,,,,#DIV/0!,SG,Merged;increase dil,#DIV/0!,R
012.O.a,3,012.O.a.3,0.022,1,,,,,,,#DIV/0!,,"Only one colony in dil3, try with dil2.",#DIV/0!,R
012.O.a,4,012.O.a.4,0.033,1,,,,,,,#DIV/0!,,No growth,#DIV/0!,R
012.O.a,5,012.O.a.5,0.045,1,,,,,,,#DIV/0!,SG,5-Merged;6-No growth,#DIV/0!,R
012.O.a,6,012.O.a.6,0.062,1,,,,,,,#DIV/0!,SG,Merged;increase dil,#DIV/0!,R
012.O.b,1,012.O.b.1,0.009,1,,,,,,,#DIV/0!,SG,Merged;increase dil,#DIV/0!,R
012.O.b,2,012.O.b.2,0.011,1,,,,,,,#DIV/0!,SG,Merged;increase dil,#DIV/0!,R
012.O.b,3,012.O.b.3,0.024,1,,,,,,,#DIV/0!,SG,"Merged;increase dil. Contaminated dil3, and dil4. I don't see any rhizo in dil4",#DIV/0!,R
012.O.b,4,012.O.b.4,0.025,1,,,,,,,#DIV/0!,SG,"Only one colony in dil5, try with dil 4",#DIV/0!,R
012.O.b,5,012.O.b.5,0.031,1,6,C,C,C,C,6,6,SG,"Merged;increase dil. Only one not contaminated spot in dil6, and has 6 colonies",30000000,R
012.O.b,6,012.O.b.6,0.055,3,,,,,,,#DIV/0!,SG,Merged;increase dil,#DIV/0!,R
012.O.c,1,012.O.c.1,0.01,1,,,,,,,#DIV/0!,,,#DIV/0!,R
012.O.c,2,012.O.c.2,0.01,1,,,,,,,#DIV/0!,,,#DIV/0!,R
012.O.c,3,012.O.c.3,0.026,1,,,,,,,#DIV/0!,,Conta.,#DIV/0!,R
012.O.c,4,012.O.c.4,0.032,1,5,1,2,1,2,2,1.6,MAG,,800000,R
012.O.c,5,012.O.c.5,0.041,2,,,,,,,#DIV/0!,,Conta.,#DIV/0!,R
012.O.c,6,012.O.c.6,0.056,3,,,,,,,#DIV/0!,,Conta.,#DIV/0!,R
012.S.a,1,012.S.a.1,0.007,1,,,,,,,#DIV/0!,,"Only a couple of colonies in dil4, but no in dil3. Go up one dil to dil3. ",#DIV/0!,R
012.S.a,2,012.S.a.2,0.019,1,5,2,10,10,8,5,7,SG,"Merged;increase dil,2nd attempt worked with 5",3500000,R
012.S.a,3,012.S.a.3,0.025,2,4,42,39,43,40,38,40.4,SG,,2020000,R
012.S.a,4,012.S.a.4,0.022,1,,,,,,,#DIV/0!,,,#DIV/0!,R
012.S.a,5,012.S.a.5,0.046,3,,,,,,,#DIV/0!,,"Contamination in dil5 and 6, I don't see any rhizo",#DIV/0!,R
012.S.a,6,012.S.a.6,0.102,More than 5,,,,,,,#DIV/0!,SG,Conta,#DIV/0!,R
012.S.b,1,012.S.b.1,0.009,1,3,4,2,6,7,3,4.4,SG,,22000,R
012.S.b,2,012.S.b.2,0.019,2,3,9,9,7,7,11,8.6,SG,,43000,R
012.S.b,3,012.S.b.3,0.023,2,3,14,14,11,12,12,12.6,SG,,63000,R
012.S.b,4,012.S.b.4,0.024,1,,,,,,,#DIV/0!,,Dil5 is overpopulated but dil6 doesn't have any colony?,#DIV/0!,R
012.S.b,5,012.S.b.5,0.111,4,5,5,5,4,1,0,3,SG,,1500000,R
012.S.b,6,012.S.b.6,0.077,More than 5,,,,,,,#DIV/0!,,Only a couple of colonies in dil5. Needs dil4,#DIV/0!,R
012.S.c,1,012.S.c.1,0.007,1,,,,,,,#DIV/0!,,No growth in dil3 and 4,#DIV/0!,R
012.S.c,2,012.S.c.2,0.014,1,,,,,,,#DIV/0!,SG,"Massive rhizo, needs lower dilution",#DIV/0!,R
012.S.c,3,012.S.c.3,0.025,1,6,4,2,6,4,,4,SG,"Conta ,second attempt worked with 6",20000000,R
012.S.c,4,012.S.c.4,0.024,1,5,2,4,2,4,3,3,SG,,1500000,R
012.S.c,5,012.S.c.5,0.045,2,5,3,13,7,4,8,7,SG,,3500000,R
012.S.c,6,012.S.c.6,0.117,More than 5,,,,,,,#DIV/0!,SG,Conta,#DIV/0!,R
012.V.a,1,012.V.a.1,0.017,1,3,1,0,0,2,1,0.8,MAG,,4000,R
012.V.a,2,012.V.a.2,0.027,1,,,,,,,#DIV/0!,,Not growth. Slight contamination in dil3,#DIV/0!,R
012.V.a,3,012.V.a.3,0.021,1,,,,,,,#DIV/0!,,Not growth.  No contamination. ,#DIV/0!,R
012.V.a,4,012.V.a.4,0.061,2,5,3,3,2,2,0,2,,,1000000,R
012.V.a,5,012.V.a.5,0.091,2,,,,,,,#DIV/0!,SG,Merged;increase dil,#DIV/0!,R
012.V.a,6,012.V.a.6,0.122,More than 5,,,,,,,#DIV/0!,SG,Merged;increase dil,#DIV/0!,R
012.V.b,1,012.V.b.1,0.021,1,,,,,,,#DIV/0!,SG,Merged;increase dil,#DIV/0!,R
012.V.b,2,012.V.b.2,0.031,1,4,45,38,55,43,42,44.6,SG,,2230000,R
012.V.b,3,012.V.b.3,0.021,1,,,,,,,#DIV/0!,,Merged;increase dil,#DIV/0!,R
012.V.b,4,012.V.b.4,0.023,1,,,,,,,#DIV/0!,SG,Conta,#DIV/0!,R
012.V.b,5,012.V.b.5,0.05,2,5,40,24,36,18,19,27.4,SG,,13700000,R
012.V.b,6,012.V.b.6,0.115,More than 5,5,5,3,3,3,6,4,SG,,2000000,R
012.V.c,1,012.V.c.1,0.018,1,,,,,,,#DIV/0!,SG,Merged;increase dil,#DIV/0!,R
012.V.c,2,012.V.c.2,0.03,2,,,,,,,#DIV/0!,SG,Merged;increase dil,#DIV/0!,R
012.V.c,3,012.V.c.3,0.035,1,4,89,100,89,61,84,84.6,SG,,4230000,R
012.V.c,4,012.V.c.4,0.044,1,,,,,,,#DIV/0!,,No growth,#DIV/0!,R
012.V.c,5,012.V.c.5,0.087,4,,,,,,,#DIV/0!,,No growth,#DIV/0!,R
012.V.c,6,012.V.c.6,0.112,More than 5,,,,,,,#DIV/0!,,No growth,#DIV/0!,R
044.O.a,1,044.O.a.1,0.015,1,4,16,14,18,16,14,15.6,MAG,,780000,R
044.O.a,2,044.O.a.2,0.02,1,,,,,,,#DIV/0!,,Massive contamination. But I would try dil6 spot,#DIV/0!,R
044.O.a,3,044.O.a.3,0.052,2,5,12,14,22,18,25,18.2,MAG,I can see rhizo In plate 4 but very merged. Try dil5 Spot plating,9100000,R
044.O.a,4,044.O.a.4,0.073,3,NA,NA,NA,NA,NA,NA,#DIV/0!,,I can see rhizo in the contamination of dil6. I plated dil5 in half of a plate but every thing has contamination,#DIV/0!,R
044.O.a,5,044.O.a.5,0.079,More than 5,5,22,24,14,9,16,17,MAG,,8500000,R
044.O.a,6,044.O.a.6,0.219,More than 5,5,29,35,32,22,34,30.4,MAG,,15200000,R
044.O.b,1,044.O.b.1,0.008,1,1,0,0,0,0,0,0,,empty plate. Try dil 2 spot. Dil2 is empty. Try Dil1. Dil1 is also emty. ,0,R
044.O.b,2,044.O.b.2,0.035,3,,,,,,,#DIV/0!,,Massive contamination. I tried dil3 and massive contamination,#DIV/0!,R
044.O.b,3,044.O.b.3,0.038,2,NA,NA,NA,NA,NA,NA,#DIV/0!,,"Massive contamination. I did full plaste of dil3, and I don't see rhizo, only contamination",#DIV/0!,R
044.O.b,4,044.O.b.4,0.04,1,,,,,,,#DIV/0!,,I can see colonies in dil5. Plate in biggerplate.,#DIV/0!,R
044.O.b,5,044.O.b.5,0.057,5,,,,,,,#DIV/0!,,Massive contamination. DOn't know which dil to choose,#DIV/0!,R
044.O.b,6,044.O.b.6,0.084,3,,,,,,,#DIV/0!,,Try spot plating dil8. ,#DIV/0!,R
044.O.c,1,044.O.c.1,0.016,1,3,6,1,2,3,0,2.4,MAG,,12000,R
044.O.c,2,044.O.c.2,0.023,1,4,12,11,8,7,12,10,MAG,,500000,R
044.O.c,3,044.O.c.3,0.035,1,4,NA,31,27,27,35,30,MAG,Dil4 nice and clean but overgrew. Try dil4 again spot,1500000,R
044.O.c,4,044.O.c.4,0.048,3,NA,NA,NA,NA,NA,NA,#DIV/0!,,Massive contamination. Try with dil5 in bigger plate?. I plated dil5 in full plate and I only see the dense contaminant and not rhizo,#DIV/0!,R
044.O.c,5,044.O.c.5,0.064,4,,,,,,,#DIV/0!,,Full of contamination. I don't know which dilution to plate,#DIV/0!,R
044.O.c,6,044.O.c.6,0.26,More than 5,,,,,,,#DIV/0!,,A lot of contamination. Plate Dil8. Ful plate of dil6 contaminated,#DIV/0!,R
044.S.a,1,044.S.a.1,0.014,1,6,C,1,1,1,0,0.75,MAG,Rhizobia in dil4 overgrew a lot. Try spot dil6. Maybe try dil5 spot. ,3750000,R
044.S.a,2,044.S.a.2,0.016,2,3,4,6,7,8,2,5.4,MAG,,27000,R
044.S.a,3,044.S.a.3,0.02,1,4,9,10,13,8,13,10.6,,No contamination. Dil4 overgrew. Plate Dil4 spot.,530000,R
044.S.a,4,044.S.a.4,0.035,1,3,13,9,10,9,NA,10.25,,"Empty plate. Try dil4 Spot. Very few colonies, try with dil 3. ",51250,R
044.S.a,5,044.S.a.5,0.083,3,NA,NA,NA,NA,NA,NA,#DIV/0!,,"Massive contamination. Dont know which dilution to choose. Chose dil5 in bigger plate but I don't see rhizo, only the contaminant with high density",#DIV/0!,R
044.S.a,6,044.S.a.6,0.067,4,4,4,6,6,3,3,4.4,MAG,,220000,R
044.S.b,1,044.S.b.1,0.014,1,NA,NA,NA,NA,NA,NA,#DIV/0!,,Plate dil2 in big plate. Dil3 has a few rhizobia and few contaminats. High contamination in dil2 in big plate,#DIV/0!,R
044.S.b,2,044.S.b.2,0.034,1,4,M,12,11,5,9,9.25,MAG,M from merged,462500,R
044.S.b,3,044.S.b.3,0.054,4,4,18,18,24,15,20,19,MAG,,950000,R
044.S.b,4,044.S.b.4,0.054,2,,,,,,,#DIV/0!,,I don't see any rhizobi here. Oly contaminants. Maybe try with dil 4 in bigger plate. I tried dil4 in bigger plate. All contaminated,#DIV/0!,R
044.S.b,5,044.S.b.5,0.1,4,5,12,14,16,14,16,14.4,MAG,,7200000,R
044.S.b,6,044.S.b.6,0.068,4,6,11,10,9,4,5,7.8,MAG,,39000000,R
044.S.c,1,044.S.c.1,0.013,1,,,,,,,#DIV/0!,,Massive contamination. I don't know which what dilution to try,#DIV/0!,R
044.S.c,2,044.S.c.2,0.03,2,3,4,5,2,8,9,5.6,MAG,,28000,R
044.S.c,3,044.S.c.3,0.036,2,5,11,13,16,12,11,12.6,MAG,Dil4 nice and clean. But needs an extra dilution. Dil5 spot,6300000,R
044.S.c,4,044.S.c.4,0.047,2,,,,,,,#DIV/0!,,Massive contamination. Maybe try dil6 in biggerp late,#DIV/0!,R
044.S.c,5,044.S.c.5,0.057,2,,,,,,,#DIV/0!,,Massive contaminaiton and mucoid. Maybe try dil6 in bigger plate,#DIV/0!,R
044.S.c,6,044.S.c.6,0.066,2,NA,NA,NA,NA,NA,NA,#DIV/0!,,Massive contamination. I don't know which what dilution to try. I tried dil4 and was massively contaminated in the plate,#DIV/0!,R
044.V.a,1,044.V.a.1,0.014,1,,,,,,,#DIV/0!,,Massive contamination. I don't know which what dilution to try,#DIV/0!,R
044.V.a,2,044.V.a.2,0.024,1,5,7,12,11,8,6,8.8,MAG,"I can see a lot of rhizo in dil4, prepare dil5 and spot plate. They are around 60-80 per spot.",4400000,R
044.V.a,3,044.V.a.3,0.048,1,5,3,8,11,10,5,7.4,MAG,I can see rhizo in the contamination of dil4. Prepare dil 5 and spot plate,3700000,R
044.V.a,4,044.V.a.4,0.049,2,5,4,3,4,6,4,4.2,MAG,,2100000,R
044.V.a,5,044.V.a.5,0.096,5,5,0,3,2,1,3,1.8,MAG,,900000,R
044.V.a,6,044.V.a.6,0.163,More than 5,6,1,4,3,c,c,2.666666667,MAG,,13333333.33,R
044.V.b,1,044.V.b.1,0.015,1,2,26,17,14,18,15,18,MAG,"No contaminants, very few rhizo. Try dil 2.",9000,R
044.V.b,2,044.V.b.2,0.016,2,2,4,12,15,17,9,11.4,MAG,I don't see rhizo or contaminants. Go for dil2 spot,5700,R
044.V.b,3,044.V.b.3,0.033,1,NA,NA,NA,NA,NA,NA,#DIV/0!,,"I don't see rhizo, only contaminants. Maybe go for dil3 in bigger plate. Dil 3  in single plate full of contamination. ",#DIV/0!,R
044.V.b,4,044.V.b.4,26,2,4,0,0,0,1,1,0.4,,Spot plate dil4. I can see a few colonies growing very slow,20000,R
044.V.b,5,044.V.b.5,0.079,4,4,4,6,7,1,1,3.8,,"DIL5 2,1,3,0,0. Spot plate dil4",190000,R
044.V.b,6,044.V.b.6,0.2,More than 5,,,,,,,#DIV/0!,,I can see small dots in dil6. Try it in a bigger plate,#DIV/0!,R
044.V.c,1,044.V.c.1,0.011,2,2,8,9,15,15,15,12.4,,no contamination few rhizo. Try spot of dil2. ,6200,R
044.V.c,2,044.V.c.2,0.018,1,NA,NA,NA,NA,NA,NA,#DIV/0!,,Massive contamination. Dont know which dilution to choose. Chose dilution 2 and there is massive contamination in the single plate,#DIV/0!,R
044.V.c,3,044.V.c.3,0.027,1,4,6,6,6,6,6,6,MAG,,300000,R
044.V.c,4,044.V.c.4,0.038,2,4,50,35,54,39,30,41.6,,Empty plate. Try dilution 4. Spot. Dilution4 has heavy contamination. counted through heavy cont,2080000,R
044.V.c,5,044.V.c.5,0.052,3,NA,NA,NA,NA,NA,NA,#DIV/0!,,Massive contamination. Try with dil5 in bigger plate?. Massive contamination on dil5 in the bigg plate.,#DIV/0!,R
044.V.c,6,044.V.c.6,0.075,More than 5,NA,NA,NA,NA,NA,NA,#DIV/0!,,"I can see rhizo in dil5. I plated dil6 in a bigger plate and i only see a smear, i don't see individual colonies of anything",#DIV/0!,R
059.O.a,1,059.O.a.1,0.012,1,3,6,3,1,2,0,2.4,MAG,,12000,R
059.O.a,2,059.O.a.2,0.024,3,4,7,4,8,5,3,5.4,MAG,,270000,R
059.O.a,3,059.O.a.3,0.023,1,3,9,4,6,6,4,5.8,MAG,,29000,R
059.O.a,4,059.O.a.4,0.038,2,4,NA,NA,NA,NA,NA,#DIV/0!,,I see veryfew rhizo in dil5. Contamination. Go to dil4 in bigger plate. In dil4 I only see the dense contamination. Not rhizo,#DIV/0!,R
059.O.a,5,059.O.a.5,0.036,1,,,,,,,#DIV/0!,,I don't see rhizo in Dil5. A lot of contaminants. Go up to dil4 in big plates,#DIV/0!,R
059.O.a,6,059.O.a.6,0.05,2,,,,,,,#DIV/0!,,I don't see any rhizo in dil5 or 6. Plate dil 4 in bigger plate,#DIV/0!,R
059.O.b,1,059.O.b.1,0.026,2,3,8,9,9,6,8,8,MAG,,40000,R
059.O.b,2,059.O.b.2,0.036,3,5,35,31,29,29,33,31.4,MAG,No Contamination. Go for Dil5.,15700000,R
059.O.b,3,059.O.b.3,0.092,more than 5,,,,,,,#DIV/0!,,"I don't see rhizo, only contaminants. Go for dil4 in bigger plate",#DIV/0!,R
059.O.b,4,059.O.b.4,0.104,more than 5,5,NA,NA,NA,NA,NA,#DIV/0!,,I can see colonies in dil5. Repeat dil5 in bigger plate. Dil 5 in bigger plate ony has one contaminant. Not rhizo. Probably because of the long storage of the dilutions.,#DIV/0!,R
059.O.b,5,059.O.b.5,0.222,More than 5,NA,NA,NA,NA,NA,NA,#DIV/0!,,"I can see contaminants in dil5, but also small rhizo. Plate Dil5 in big plate. In bigger plate of Dil5 I only see the contamination",#DIV/0!,R
059.O.b,6,059.O.b.6,0.186,More than 5,5,NA,NA,NA,NA,NA,#DIV/0!,,Contaminants but don't see rhizo. Plate dil5 in big plate. I only see contaminants in Dil5 bigger plate,#DIV/0!,R
059.O.c,1,059.O.c.1,0.009,1,2,10,6,6,15,11,9.6,MAG,"Very few colonies in dil3. Not contamination. Go to dil2, spot",4800,R
059.O.c,2,059.O.c.2,0.007,1,2,NA,NA,NA,NA,N,#DIV/0!,,"No contamination or rhizobo. Go to dil1 or 2, spot. Dil2 in big plate is empty.",#DIV/0!,R
059.O.c,3,059.O.c.3,0.045,2,,,,,,,#DIV/0!,,It looks like contamination. Go for dil6 spot. Spot6 also highly contaminated. I don't know for which dil to go ,#DIV/0!,R
059.O.c,4,059.O.c.4,0.04,2,5,5,1,2,4,3,3,MAG,,1500000,R
059.O.c,5,059.O.c.5,0.04,2,,,,,,,#DIV/0!,,I don't see rhizo in Dil5. A lot of contaminants. Go up to dil4 in big plates,#DIV/0!,R
059.O.c,6,059.O.c.6,0.108,More than 5,,,,,,,#DIV/0!,,Full contamination In dil5 and 6. Plate dil5 in big plate,#DIV/0!,R
059.S.a,1,059.S.a.1,0.022,1,,,,,,,#DIV/0!,,Plate dil6. High contamination in Dil6 and I don't see rhizo,#DIV/0!,R
059.S.a,2,059.S.a.2,0.022,4,,,,,,,#DIV/0!,,Plate dil6. High contamination in Dil6,#DIV/0!,R
059.S.a,3,059.S.a.3,0.023,2,NA,NA,NA,NA,NA,NA,#DIV/0!,,"There are contaminants in Dil4, but I can see tiny rhizobia. Plate Dil4 in bigger plate. I plated Dil4 in bigger plate but very dense contamination colonies are filling the plate.",#DIV/0!,R
059.S.a,4,059.S.a.4,0.069,4,6,9,15,15,12,16,13.4,MAG,,67000000,R
059.S.a,5,059.S.a.5,0.09,,,,,,,,#DIV/0!,,,#DIV/0!,R
059.S.a,6,059.S.a.6,0.081,,,,,,,,#DIV/0!,,,#DIV/0!,R
059.S.b,1,059.S.b.1,0.028,1,3,8,10,7,13,7,9,MAG,,45000,R
059.S.b,2,059.S.b.2,0.027,1,2,NA,NA,NA,NA,NA,#DIV/0!,,I don't see any rhizo in dil3. But there are contaminants. Plate Dil2 in big plate. I see all contamination in Dil2,#DIV/0!,R
059.S.b,3,059.S.b.3,0.034,1,4,30,32,38,22,22,28.8,MAG,,1440000,R
059.S.b,4,059.S.b.4,0.06,2,4,NA,NA,NA,NA,NA,#DIV/0!,,I see a few rhizo in Dil5. Go to dil4 in bigger plate. In Dil4 I only see contaminatns. Not rhizo,#DIV/0!,R
059.S.b,5,059.S.b.5,0.076,2,,,,,,,#DIV/0!,,"Hard to tell, All i see are contaminants. ",#DIV/0!,R
059.S.b,6,059.S.b.6,0.111,More than 5,6,NA,NA,NA,NA,NA,#DIV/0!,,"I see contaminants in dil5, but it is mucoid. Plate dil5 in bigger plate. I plated dil6 in bigger plate and I only see a contaminant. ",#DIV/0!,R
059.S.c,1,059.S.c.1,,1,4,26,19,29,24,34,26.4,MAG,,1320000,R
059.S.c,2,059.S.c.2,,1,,,,,,,#DIV/0!,,A lot of contamination. Plate Dil6,#DIV/0!,R
059.S.c,3,059.S.c.3,,1,4,7,3,2,3,3,3.6,MAG,,180000,R
059.S.c,4,059.S.c.4,,3,5,18,14,17,25,18,18.4,MAG,,9200000,R
059.S.c,5,059.S.c.5,,More than 5,6,23,15,18,15,16,17.4,MAG,,87000000,R
059.S.c,6,059.S.c.6,,More than 5,6,17,21,22,20,20,20,MAG,,100000000,R
059.V.a,1,059.V.a.1,0.016,1,4,36,24,21,40,26,29.4,MAG,"Dil4 overgrew, Plate dil4 again. Spot. ",1470000,R
059.V.a,2,059.V.a.2,0.03,1,6,c,c,4,4,4,4,MAG,Plate dil6. There is contamination but rhizobia were contable. Dil6 still has some contamination but a few rhizo are countable,20000000,R
059.V.a,3,059.V.a.3,0.031,1,6,5,5,12,9,7,7.6,MAG,Plate dil6. ,38000000,R
059.V.a,4,059.V.a.4,0.023,1,,,,,,,#DIV/0!,,A lot of contamination. Plate dil5 in bigger plate.,#DIV/0!,R
059.V.a,5,059.V.a.5,0.056,More than 5,6,40,32,35,21,30,31.6,MAG,,158000000,R
059.V.a,6,059.V.a.6,0.035,2,6,7,11,9,5,7,7.8,MAG,,39000000,R
059.V.b,1,059.V.b.1,0.017,1,3,1,6,8,3,5,4.6,MAG,,23000,R
059.V.b,2,059.V.b.2,0.024,2,3,1,1,1,3,0,1.2,MAG,,6000,R
059.V.b,3,059.V.b.3,0.026,2,5,18,13,7,13,8,11.8,MAG,Plate dil5 spot,5900000,R
059.V.b,4,059.V.b.4,0.035,1,5,5,9,5,11,10,8,MAG,,4000000,R
059.V.b,5,059.V.b.5,0.063,2,4,8,2,4,4,3,4.2,MAG,"Empty plate. Plate dil4, spot. DIl4 grew nicely",210000,R
059.V.b,6,059.V.b.6,0.059,3,4,2,4,5,1,1,2.6,MAG,"Empty plate. Plate dil4, spot. Dil4 grew nicely",130000,R
059.V.c,1,059.V.c.1,0.026,3,4,C,19,27,25,31,25.5,MAG,,1275000,R
059.V.c,2,059.V.c.2,0.015,1,1,NA,NA,NA,NA,NA,#DIV/0!,,Contaminants but don't see rhizo. Plate dil1 in big plate. I did full plate abut see a lot of contamination,#DIV/0!,R
059.V.c,3,059.V.c.3,0.051,3,,,,,,,#DIV/0!,,Looks like massive contamination. But try with spot dil6,#DIV/0!,R
059.V.c,4,059.V.c.4,0.048,3,4,c,2,4,2,1,2.25,MAG,"I see a few colonies in dil5. No contamination. Plate dil4 spot. There were some contaminants in dil4, but a I could also observe very few colonies",112500,R
059.V.c,5,059.V.c.5,0.123,more than 5,6,NA,NA,NA,NA,NA,#DIV/0!,,"I don't see rhizo in Dil5, but there is some mucosity that might tell that there was rhizobia. Plate Dil5 in biggerp late. I did a bigger plate of dil6 and I don't see any rhizo",#DIV/0!,R
059.V.c,6,059.V.c.6,0.105,more than 5,6,NA,NA,NA,NA,NA,#DIV/0!,,"I don't see rhizo in Dil5, but there is some mucosity that might tell that there was rhizobia. Plate Dil5 in biggerp late. I did it in a bigger plate of Dil6 and still contamination ",#DIV/0!,R
070.O.a,1,070.O.a.1,0.018,1,,,,,,,#DIV/0!,SG,3-Conta;4-No growth,#DIV/0!,R
070.O.a,2,070.O.a.2,0.02,1,,,,,,,#DIV/0!,SG,"Conta,Merged",#DIV/0!,R
070.O.a,3,070.O.a.3,0.024,1,4,24,20,33,8,12,19.4,SG,,970000,R
070.O.a,4,070.O.a.4,0.105,4,,,,,,,#DIV/0!,SG,Merged,#DIV/0!,R
070.O.a,5,070.O.a.5,0.147,5,,,,,,,#DIV/0!,SG,Conta,#DIV/0!,R
070.O.a,6,070.O.a.6,0.225,more than 5,,,,,,,#DIV/0!,SG,Merged,#DIV/0!,R
070.O.b,1,070.O.b.1,0.035,1,,,,,,,#DIV/0!,SG,Conta,#DIV/0!,R
070.O.b,2,070.O.b.2,0.028,1,4,91,107,100,100,99,99.4,SG,,4970000,R
070.O.b,3,070.O.b.3,0.058,5,4,38,23,22,35,30,29.6,SG,,1480000,R
070.O.b,4,070.O.b.4,0.057,2,6,27,28,28,26,26,27,SG,,135000000,R
070.O.b,5,070.O.b.5,0.086,3,6,102,77,68,70,68,77,SG,,385000000,R
070.O.b,6,070.O.b.6,0.129,more than 5,6,38,41,31,35,57,40.4,SG,,202000000,R
070.O.c,1,070.O.c.1,0.023,1,3,32,33,37,44,27,34.6,SG,,173000,R
070.O.c,2,070.O.c.2,0.028,1,4,66,27,17,19,55,36.8,SG,,1840000,R
070.O.c,3,070.O.c.3,0.047,1,4,64,60,74,82,83,72.6,SG,,3630000,R
070.O.c,4,070.O.c.4,0.073,2,6,11,16,16,12,10,13,SG,,65000000,R
070.O.c,5,070.O.c.5,0.089,more than 5,,,,,,,#DIV/0!,SG,Merged,#DIV/0!,R
070.O.c,6,070.O.c.6,0.066,more than 5,,,,,,,#DIV/0!,SG,Merged,#DIV/0!,R
070.S.a,1,070.S.a.1,0.023,1,3,3,2,6,2,4,3.4,SG,,17000,R
070.S.a,2,070.S.a.2,0.022,1,,,,,,,#DIV/0!,SG,Merged,#DIV/0!,R
070.S.a,3,070.S.a.3,0.054,1,,,,,,,#DIV/0!,SG,Merged,#DIV/0!,R
070.S.a,4,070.S.a.4,0.069,4,,,,,,,#DIV/0!,SG,Merged,#DIV/0!,R
070.S.a,5,070.S.a.5,0.09,2,,,,,,,#DIV/0!,SG,Merged,#DIV/0!,R
070.S.a,6,070.S.a.6,0.086,5,6,4,12,5,3,11,7,SG,,35000000,R
070.S.b,1,070.S.b.1,0.04,1,4,19,26,30,23,27,25,SG,,1250000,R
070.S.b,2,070.S.b.2,0.043,1,4,11,11,11,15,5,10.6,SG,,530000,R
070.S.b,3,070.S.b.3,0.042,2,4,9,18,16,10,11,12.8,SG,,640000,R
070.S.b,4,070.S.b.4,0.049,2,6,46,53,41,45,37,44.4,SG,,222000000,R
070.S.b,5,070.S.b.5,0.059,3,,,,,,,#DIV/0!,SG,,#DIV/0!,R
070.S.b,6,070.S.b.6,0.112,3,,,,,,,#DIV/0!,SG,,#DIV/0!,R
070.S.c,1,070.S.c.1,0.031,1,4,21,36,10,8,10,17,SG,,850000,R
070.S.c,2,070.S.c.2,0.04,1,4,31,41,43,43,55,42.6,SG,,2130000,R
070.S.c,3,070.S.c.3,0.048,1,4,12,5,6,7,8,7.6,SG,,380000,R
070.S.c,4,070.S.c.4,0.055,2,6,4,3,7,6,4,4.8,SG,,24000000,R
070.S.c,5,070.S.c.5,0.129,More than 5,,,,,,,#DIV/0!,SG,merged,#DIV/0!,R
070.S.c,6,070.S.c.6,0.156,More than 5,,,,,,,#DIV/0!,SG,merged,#DIV/0!,R
070.V.a,1,070.V.a.1,0.019,1,3,1,1,2,1,1,1.2,MAG,,6000,R
070.V.a,2,070.V.a.2,0.021,2,,,,,,,#DIV/0!,MAG,Dilution 3 has one colony and ilution 4 has one colony,#DIV/0!,R
070.V.a,3,070.V.a.3,0.026,1,,,,,,,#DIV/0!,MAG,Merged,#DIV/0!,R
070.V.a,4,070.V.a.4,0.041,2,,,,,,,#DIV/0!,MAG,Merged,#DIV/0!,R
070.V.a,5,070.V.a.5,0.042,2,6,7,12,10,15,10,10.8,MAG,,54000000,R
070.V.a,6,070.V.a.6,0.062,2,,,,,,,#DIV/0!,MAG,Merged,#DIV/0!,R
070.V.b,1,070.V.b.1,0.017,1,4,60,52,55,45,56,53.6,MAG,,2680000,R
070.V.b,2,070.V.b.2,0.019,2,,,,,,,#DIV/0!,MAG,"Very few colonies in dil3, only three dots grew,1,1,1,0,0",#DIV/0!,R
070.V.b,3,070.V.b.3,0.023,1,,,,,,,#DIV/0!,MAG,I only see one colony in all dil3,#DIV/0!,R
070.V.b,4,070.V.b.4,0.018,1,,,,,,,#DIV/0!,MAG,Empty plate,#DIV/0!,R
070.V.b,5,070.V.b.5,0.028,3,,,,,,,#DIV/0!,MAG,Merged,#DIV/0!,R
070.V.b,6,070.V.b.6,0.036,1,,,,,,,#DIV/0!,MAG,"Dil5 seems to have only 3 dots, with colonies 9,1,3. The other dots dont have anything",#DIV/0!,R
070.V.c,1,070.V.c.1,0.022,1,3,3,3,1,3,1,2.2,MAG,,11000,R
070.V.c,2,070.V.c.2,0.016,1,,,,,,,#DIV/0!,MAG,Merged,#DIV/0!,R
070.V.c,3,070.V.c.3,0.044,1,,,,,,,#DIV/0!,MAG,Merged,#DIV/0!,R
070.V.c,4,070.V.c.4,0.052,3,,,,,,,#DIV/0!,MAG,"I only see three colonies in dil5: 0,1,1,1,0",#DIV/0!,R
070.V.c,5,070.V.c.5,0.078,3,,,,,,,#DIV/0!,MAG,Merged,#DIV/0!,R
070.V.c,6,070.V.c.6,0.13,more than 5,5,28,30,26,23,25,26.4,SG,,13200000,R
077.O.a,1,077.O.a.1,0.016,1,4,22,23,13,21,23,20.4,SG,,1020000,R
077.O.a,2,077.O.a.2,0.018,2,,,,,,,#DIV/0!,SG,MERGED,#DIV/0!,R
077.O.a,3,077.O.a.3,0.016,1,4,7,1,5,4,4,4.2,SG,,210000,R
077.O.a,4,077.O.a.4,0.016,1,6,10,9,13,8,13,10.6,SG,,53000000,R
077.O.a,5,077.O.a.5,0.038,2,5,13,5,9,12,7,9.2,SG,,4600000,R
077.O.a,6,077.O.a.6,0.129,more than 5,6,11,9,10,15,12,11.4,SG,,57000000,R
077.O.b,1,077.O.b.1,0.007,1,3,3,0,0,0,,0.75,SG,Further incubation,3750,R
077.O.b,2,077.O.b.2,0.024,1,4,64,60,78,68,78,69.6,SG,,3480000,R
077.O.b,3,077.O.b.3,0.027,1,4,102,111,107,126,100,109.2,SG,VERY TINY COLONIES;FURTHER INCUBATED; higher dil suggested,5460000,R
077.O.b,4,077.O.b.4,0.025,1,5,4,2,5,3,4,3.6,SG,,1800000,R
077.O.b,5,077.O.b.5,0.035,2,6,5,5,5,10,4,5.8,SG,,29000000,R
077.O.b,6,077.O.b.6,0.048,2,6,2,2,5,2,,2.75,SG,,13750000,R
077.O.c,1,077.O.c.1,0.029,1,,,,,,,#DIV/0!,SG,MERGED,#DIV/0!,R
077.O.c,2,077.O.c.2,0.039,1,,,,,,,#DIV/0!,SG,"MERGED,NO GROWTH IN 4",#DIV/0!,R
077.O.c,3,077.O.c.3,0.032,1,,,,,,,#DIV/0!,SG,MERGED+CONTA,#DIV/0!,R
077.O.c,4,077.O.c.4,0.12,more than 5,,,,,,,#DIV/0!,SG,CONTA,#DIV/0!,R
077.O.c,5,077.O.c.5,0.091,2,,,,,,,#DIV/0!,SG,NO GROWTH,#DIV/0!,R
077.O.c,6,077.O.c.6,0.106,4,5,4,6,10,11,3,6.8,SG,,3400000,R
077.S.a,1,077.S.a.1,0.033,2,3,30,19,17,31,25,24.4,SG,This plate had conta.the rhizobia was growing in between the widespread conta,122000,R
077.S.a,2,077.S.a.2,0.03,1,5,6,6,3,2,1,3.6,SG,MERGED,1800000,R
077.S.a,3,077.S.a.3,0.027,1,,,,,,,#DIV/0!,SG,MERGED,#DIV/0!,R
077.S.a,4,077.S.a.4,0.055,4,5,4,7,6,0,0,3.4,SG,,1700000,R
077.S.a,5,077.S.a.5,0.079,4,5,36,3,31,16,0,17.2,SG,VERY TINY COLONIES;FURTHER INCUBATED;very tiny colonies,8600000,R
077.S.a,6,077.S.a.6,0.145,more than 5,6,10,8,8,7,5,7.6,SG,,38000000,R
077.S.b,1,077.S.b.1,0.013,1,4,127,124,124,104,120,119.8,SG,,5990000,R
077.S.b,2,077.S.b.2,0.025,1,4,31,20,32,24,34,28.2,,,1410000,R
077.S.b,3,077.S.b.3,0.044,2,5,7,12,10,7,4,8,SG,MERGED,4000000,R
077.S.b,4,077.S.b.4,0.067,2,6,30,52,34,12,21,29.8,SG,,149000000,R
077.S.b,5,077.S.b.5,0.06,2,5,18,28,20,29,19,22.8,SG,,11400000,R
077.S.b,6,077.S.b.6,0.06,2,,,,,,,#DIV/0!,SG,Merged,#DIV/0!,R
077.S.c,1,077.S.c.1,0.021,1,4,3,2,2,1,4,2.4,SG,,120000,R
077.S.c,2,077.S.c.2,0.02,1,,,,,,,#DIV/0!,SG,Merged,#DIV/0!,R
077.S.c,3,077.S.c.3,0.039,2,,,,,,,#DIV/0!,SG,MERGED+CONTA,#DIV/0!,R
077.S.c,4,077.S.c.4,0.042,2,5,8,2,3,3,5,4.2,SG,,2100000,R
077.S.c,5,077.S.c.5,0.066,3,,,,,,,#DIV/0!,SG,Conta+no growth,#DIV/0!,R
077.S.c,6,077.S.c.6,0.073,3,,,,,,,#DIV/0!,SG,Conta+no growth,#DIV/0!,R
077.V.a,1,077.V.a.1,0.015,1,,,,,,,#DIV/0!,SG,NO GROWTH,#DIV/0!,R
077.V.a,2,077.V.a.2,0.028,2,3,6,5,4,6,1,4.4,SG,,22000,R
077.V.a,3,077.V.a.3,0.028,1,5,3,2,1,0,0,1.2,SG,MERGED,600000,R
077.V.a,4,077.V.a.4,0.053,2,5,6,3,3,3,3,3.6,SG,,1800000,R
077.V.a,5,077.V.a.5,0.068,2,5,14,11,9,9,13,11.2,SG,,5600000,R
077.V.a,6,077.V.a.6,0.097,5,5,4,3,4,1,6,3.6,SG,,1800000,R
077.V.b,1,077.V.b.1,0.024,1,3,29,12,23,12,MERGED,19,SG,,95000,R
077.V.b,2,077.V.b.2,0.029,1,3,9,10,13,13,7,10.4,SG,,52000,R
077.V.b,3,077.V.b.3,0.049,4,3,2,1,0,0,,0.75,SG,,3750,R
077.V.b,4,077.V.b.4,0.062,2,5,8,12,4,11,6,8.2,SG,,4100000,R
077.V.b,5,077.V.b.5,0.053,2,,,,,,,#DIV/0!,SG,MERGED,#DIV/0!,R
077.V.b,6,077.V.b.6,0.125,More than 5,5,16,13,13,13,13,13.6,SG,,6800000,R
077.V.c,1,077.V.c.1,0.014,1,3,3,13,10,11,10,9.4,SG,,47000,R
077.V.c,2,077.V.c.2,0.014,1,,,,,,,#DIV/0!,,,#DIV/0!,R
077.V.c,3,077.V.c.3,0.015,1,4,4,5,5,3,3,4,SG,,200000,R
077.V.c,4,077.V.c.4,0.032,3,,,,,,,#DIV/0!,SG,Further incubation,#DIV/0!,R
077.V.c,5,077.V.c.5,0.035,2,5,1,5,1,5,1,2.6,SG,,1300000,R
077.V.c,6,077.V.c.6,0.065,3,6,8,9,12,7,6,8.4,SG,,42000000,R
112.O.a,1,112.O.a.1,0.02,1,4,7,9,20,13,19,13.6,MAG,,680000,P
112.O.a,2,112.O.a.2,0.018,1,4,20,12,17,18,22,17.8,MAG,,890000,P
112.O.a,3,112.O.a.3,0.037,1,4,64,54,58,68,m,61,MAG,,3050000,P
112.O.a,4,112.O.a.4,0.054,3,6,2,6,1,1,3,2.6,MAG,,13000000,P
112.O.a,5,112.O.a.5,0.126,more than 5,5,c,c,15,c,c,15,MAG,,7500000,P
112.O.a,6,112.O.a.6,0.172,more than 5,NA,NA,NA,NA,NA,NA,#DIV/0!,,"The contamination in dil5 is covering all the dots. I don't see rhizo in dil6, but very few contaminants there. I plated dil5 in big plate but I can't distinguish contamination from partner, everything looks like contaminatoin ",#DIV/0!,P
112.O.b,1,112.O.b.1,0.011,1,,,,,,,#DIV/0!,,looks clean but needs dil5. spot,#DIV/0!,P
112.O.b,2,112.O.b.2,0.045,1,6,5,8,8,6,3,6,,"Not sure if it s contamination or rhizobia, but needs dil5",30000000,P
112.O.b,3,112.O.b.3,0.034,2,5,26,27,33,22,26,26.8,,"Not sure if it s contamination or rhizobia, but needs dil5",13400000,P
112.O.b,4,112.O.b.4,0.09,5,6,c,27,25,23,25,25,MAG,The fact that i am not seeing colonies in O.b.5 and O.b.6 is making me doubt. Are these rhizo? Replate 4,125000000,P
112.O.b,5,112.O.b.5,0.074,4,,,,,,,#DIV/0!,,I don't see colonies in dil6,#DIV/0!,P
112.O.b,6,112.O.b.6,0.188,more than 5,7,1,3,1,1,1,1.4,,I don't see colonies in dil6 or dil5. I plated dil7 and found very few rhizo and very few contaminants,70000000,P
112.O.c,1,112.O.c.1,0.007,1,2,NA,NA,NA,NA,NA,#DIV/0!,,"There is contamination, and very few rhizobia. Dil2 in bigger plate. Dil2 empty. This is weird considering i saw some rhizobia previously in dil?3. Maybe the dilution Was not good after the long storage",#DIV/0!,P
112.O.c,2,112.O.c.2,0.028,1,3,39,33,35,27,18,30.4,MAG,,152000,P
112.O.c,3,112.O.c.3,0.035,2,3,12,5,8,3,5,6.6,MAG,,33000,P
112.O.c,4,112.O.c.4,0.053,3,,,,,,,#DIV/0!,,"I don't see rhizo in dil5, but yes a contaminant. Try dil4 in bigger plate?",#DIV/0!,P
112.O.c,5,112.O.c.5,0.097,4,,,,,,,#DIV/0!,,"Few contaminants in dil5, not rhizo. Maybe try dil4 in bigger plate",#DIV/0!,P
112.O.c,6,112.O.c.6,0.126,more than 5,5,3,0,4,1,1,1.8,MAG,,900000,P
112.S.a,1,112.S.a.1,0.012,1,4,10,6,5,7,8,7.2,MAG,,360000,P
112.S.a,2,112.S.a.2,0.015,1,4,15,21,24,15,16,18.2,MAG,,910000,P
112.S.a,3,112.S.a.3,0.035,1,4,48,46,37,35,31,39.4,MAG,,1970000,P
112.S.a,4,112.S.a.4,0.035,2,4,NA,NA,NA,NA,NA,#DIV/0!,,I can see a few rhizo in contamination. Plate dil4 in bigger plate. I plated dil4 in bigger plate but I only see contamination and no rhizo,#DIV/0!,P
112.S.a,5,112.S.a.5,0.036,2,NA,NA,NA,NA,NA,NA,#DIV/0!,,"I see contamination on both dilutions, not rhizo. Plate dil4. I plated dil5 in a bigger plate but I only see contaminats growing",#DIV/0!,P
112.S.a,6,112.S.a.6,0.152,more than 5,6,8,6,6,6,3,5.8,,Countable through contamination,29000000,P
112.S.b,1,112.S.b.1,0.014,1,2,NA,NA,NA,NA,NA,#DIV/0!,,"There is contamination in Dil3, and very few rhizobia. Dil2 in bigger plate. I plated Dil2 and didn't get anything, probably problems with long storage",#DIV/0!,P
112.S.b,2,112.S.b.2,0.017,1,2,0,NA,NA,NA,NA,0,,"There is contamination, and very few rhizobia. Dil2 in bigger plate. Dil2 empty. This is weird considering i saw some rhizobia previously in dil?3. Maybe the dilution Was not good after the long storage",0,P
112.S.b,3,112.S.b.3,0.02,1,4,4,9,8,7,12,8,MAG,,400000,P
112.S.b,4,112.S.b.4,0.064,2,5,1,5,2,c,0,2,MAG,Counted through contamination,1000000,P
112.S.b,5,112.S.b.5,0.117,3,5,5,10,9,5,4,6.6,MAG,,3300000,P
112.S.b,6,112.S.b.6,0.074,3,5,0,3,1,1,2,1.4,MAG,,700000,P
112.S.c,1,112.S.c.1,0.009,1,3,4,1,4,3,2,2.8,MAG,,14000,P
112.S.c,2,112.S.c.2,0.016,1,3,27,17,9,20,19,18.4,MAG,,92000,P
112.S.c,3,112.S.c.3,0.032,2,4,12,12,9,NA,NA,11,MAG,"These NA are from dilution mistakes I made, I added 100ul by mistake. ",550000,P
112.S.c,4,112.S.c.4,0.063,1,5,C,28,20,c,c,24,MAG,,12000000,P
112.S.c,5,112.S.c.5,0.088,5,,,,,,,#DIV/0!,,Plate dil5 in a bigger plate,#DIV/0!,P
112.S.c,6,112.S.c.6,0.061,3,5,47,48,40,51,48,46.8,MAG,,23400000,P
112.V.a,1,112.V.a.1,0.01,1,1,10,12,12,13,14,12.2,,Try dil2 in spot,610,P
112.V.a,2,112.V.a.2,0.022,1,3,19,18,23,13,18,18.2,MAG,,91000,P
112.V.a,3,112.V.a.3,0.037,2,3,44,40,49,53,42,45.6,MAG,,228000,P
112.V.a,4,112.V.a.4,0.028,1,4,2,4,2,2,0,2,,"Few rhizo in dil5, but looks clean. Plate dil4 spot. In dil5 looks 1,1,3,2,0",100000,P
112.V.a,5,112.V.a.5,0.048,4,5,NA,NA,NA,NA,NA,#DIV/0!,,see few rhizo in dil5 and few contaminants. Try dil 4 in bigger plate. Dil 5 was plated in bigger plate and I didn't see any rhizo. Probably because the dilutions were stored for a long time ,#DIV/0!,P
112.V.a,6,112.V.a.6,0.07,2,5,5,4,4,5,1,3.8,MAG,Countable through contamination,1900000,P
112.V.b,1,112.V.b.1,0.012,1,3,2,3,2,3,1,2.2,MAG,,11000,P
112.V.b,2,112.V.b.2,0.014,1,,,,,,,#DIV/0!,,"I don't see rhizo in dil3, but yes contaminatns. Maybe try dil2 in bigger plate",#DIV/0!,P
112.V.b,3,112.V.b.3,0.025,1,4,6,4,5,2,4,4.2,MAG,,210000,P
112.V.b,4,112.V.b.4,0.02,2,,,,,,,#DIV/0!,,Clean plate. Maybe try dil4 spot,#DIV/0!,P
112.V.b,5,112.V.b.5,0.063,1,5,c,2,3,3,c,2.666666667,,Countable through contamination,1333333.333,P
112.V.b,6,112.V.b.6,0.108,5,,,,,,,#DIV/0!,,"Countable through contamination. But it looks like there is 13 and 10 in dil5, but I can see a bunch in dil6. So I will let it grow slightly more",#DIV/0!,P
112.V.c,1,112.V.c.1,0.006,1,3,1,6,1,4,3,3,MAG,,15000,P
112.V.c,2,112.V.c.2,0.009,1,3,17,14,12,19,15,15.4,MAG,,77000,P
112.V.c,3,112.V.c.3,0.026,2,3,6,7,7,3,C,5.75,MAG,,28750,P
112.V.c,4,112.V.c.4,0.037,2,5,5,2,4,7,7,5,MAG,,2500000,P
112.V.c,5,112.V.c.5,0.036,3,5,5,3,5,2,2,3.4,MAG,,1700000,P
112.V.c,6,112.V.c.6,0.098,4,5,c,3,6,6,6,5.25,MAG,Countable through contamination,2625000,P
117.O.a,1,117.O.a.1,0.022,1,4,64,56,47,54,41,52.4,MAG,,2620000,P
117.O.a,2,117.O.a.2,0.034,2,,,,,,,#DIV/0!,,"Massive contamination in both dilutions. Try dil 5, spot?.",#DIV/0!,P
117.O.a,3,117.O.a.3,0.046,3,4,35,21,26,35,26,28.6,MAG,,1430000,P
117.O.a,4,117.O.a.4,0.052,more than 5,5,6,6,5,13,9,7.8,MAG,,3900000,P
117.O.a,5,117.O.a.5,0.078,3,5,29,23,23,23,20,23.6,MAG,,11800000,P
117.O.a,6,117.O.a.6,0.326,more than 5,6,19,17,16,15,21,17.6,MAG,,88000000,P
117.O.b,1,117.O.b.1,0.03,1,6,2,1,4,2,1,2,,Highly contaminated in both dilutions. ,10000000,P
117.O.b,2,117.O.b.2,0.068,2,6,5,7,9,2,2,5,,Plate dilution 6 spot. ,25000000,P
117.O.b,3,117.O.b.3,0.076,2,6,2,2,3,C,C,,,Both dilutions contaminated,0,P
117.O.b,4,117.O.b.4,0.064,2,6,12,13,10,8,9,10.4,MAG,,52000000,P
117.O.b,5,117.O.b.5,0.177,more than 5,5,19,20,15,23,19,19.2,MAG,,9600000,P
117.O.b,6,117.O.b.6,0.138,more than 5,5,32,34,33,23,C,30.5,MAG,"There is growth in dil5, but there is a lot of contamination. Countable through the contamination",15250000,P
117.O.c,1,117.O.c.1,0.032,1,4,30,23,27,26,36,28.4,MAG,,1420000,P
117.O.c,2,117.O.c.2,0.073,2,5,10,7,14,7,,9.5,MAG,Both dilutions contaminated,4750000,P
117.O.c,3,117.O.c.3,0.098,4,,,,,,,#DIV/0!,,Both dilutions contaminated,#DIV/0!,P
117.O.c,4,117.O.c.4,0.094,3,5,17,20,11,15,22,17,MAG,,8500000,P
117.O.c,5,117.O.c.5,0.074,3,5,29,29,24,29,33,28.8,MAG,,14400000,P
117.O.c,6,117.O.c.6,0.259,more than 5,6,7,6,6,11,8,7.6,MAG,Uncountable din dil6,38000000,P
117.S.a,1,117.S.a.1,0.022,1,4,25,18,19,19,23,20.8,MAG,,1040000,P
117.S.a,2,117.S.a.2,0.019,1,,,,,,,#DIV/0!,,Empty plate. Try dil4. Maybe the plate was dry,#DIV/0!,P
117.S.a,3,117.S.a.3,0.033,1,4,31,32,33,c,21,29.25,MAG,,1462500,P
117.S.a,4,117.S.a.4,0.161,more than 5,,,,,,,#DIV/0!,,I see maybe very few colonies through contamination. Try dil4 in bigger plate,#DIV/0!,P
117.S.a,5,117.S.a.5,0.124,more than 5,5,C,11,C,C,C,11,,There is a lot of contamination but I can count one dot through the contamination. ,5500000,P
117.S.a,6,117.S.a.6,0.194,more than 5,6,2,1,2,1,2,1.6,MAG,,8000000,P
117.S.b,1,117.S.b.1,0.021,1,4,c,4,4,c,6,4.666666667,,,233333.3333,P
117.S.b,2,117.S.b.2,0.027,1,4,32,c,30,c,28,30,,Countable through contamination,1500000,P
117.S.b,3,117.S.b.3,0.035,1,,,,,,,#DIV/0!,,"Heave contamination, maybe dil6. Dil6 also has high contamination",#DIV/0!,P
117.S.b,4,117.S.b.4,0.06,2,6,2,1,2,1,3,1.8,MAG,,9000000,P
117.S.b,5,117.S.b.5,0.071,2,6,7,7,3,c,c,5.666666667,MAG,Countable through contamination,28333333.33,P
117.S.b,6,117.S.b.6,0.16,more than 5,5,4,3,C,8,C,5,MAG,,2500000,P
117.S.d,1,117.S.d.1,0.012,1,,,,,,,#DIV/0!,,Not rhizobia in dil3. Go up one dilution. Dil2 in big plate,#DIV/0!,P
117.S.d,2,117.S.d.2,0.017,2,3,6,3,2,2,6,3.8,MAG,,19000,P
117.S.d,3,117.S.d.3,0.023,2,3,12,17,13,9,16,13.4,MAG,,67000,P
117.S.d,4,117.S.d.4,0.03,2,,,,,,,#DIV/0!,,I don't see any rhizo in dil5. Maybe dil 4 in a bigger plate,#DIV/0!,P
117.S.d,5,117.S.d.5,0.13,5,6,13,10,C,15,14,13,MAG,,65000000,P
117.S.d,6,117.S.d.6,0.142,more than 5,6,7,C,C,C,7,7,MAG,,35000000,P
117.V.a,1,117.V.a.1,0.024,1,3,c,4,5,4,3,4,MAG,It was countable through the contamination,20000,P
117.V.a,2,117.V.a.2,0.038,2,3,c,7,9,11,c,9,MAG,It was countable through the contamination,45000,P
117.V.a,3,117.V.a.3,0.038,2,4,7,3,9,11,NA,7.5,,I can see a lot of rhizo in dil3 with the contaminants. After incubation I saw them in dil4. ,375000,P
117.V.a,4,117.V.a.4,0.034,1,4,NA,NA,NA,NA,NA,#DIV/0!,,There is cont but it is the contamination that allows count. Plate Dil4. I plated dil4 but I see mostly contamination ,#DIV/0!,P
117.V.a,5,117.V.a.5,0.049,more than 5,,,,,,,#DIV/0!,,Not rhizobia in dil5. There are contaminants. Move to dil4 in big plate,#DIV/0!,P
117.V.a,6,117.V.a.6,0.132,more than 5,,,,,,,#DIV/0!,,Not rhizobia in dil5. There is one contaminant. Dil4 in big plate.,#DIV/0!,P
117.V.b,1,117.V.b.1,0.016,1,,,,,,,#DIV/0!,,Not rhizobia in dil3. There are contaminants. Move to dil2 big plate.,#DIV/0!,P
117.V.b,2,117.V.b.2,0.039,1,6,3,10,5,9,12,7.8,,,39000000,P
117.V.b,3,117.V.b.3,0.055,2,6,8,10,5,5,5,6.6,,Heavy contamination. I don't see rhizo,33000000,P
117.V.b,4,117.V.b.4,0.073,4,,,,,,,#DIV/0!,,,#DIV/0!,P
117.V.b,5,117.V.b.5,0.121,4,6,c,6,4,4,2,4,MAG,Countable through contamination,20000000,P
117.V.b,6,117.V.b.6,0.276,more than 5,6,2,3,2,3,5,3,MAG,Countable through contamination,15000000,P
117.V.c,1,117.V.c.1,0.11,1,,,,,,,#DIV/0!,,Heave contamination. I don't see rhizo. needs dil2 in a big plate,#DIV/0!,P
117.V.c,2,117.V.c.2,0.02,1,3,6,5,5,5,5,5.2,MAG,,26000,P
117.V.c,3,117.V.c.3,0.035,2,3,C,19,19,18,17,18.25,MAG,,91250,P
117.V.c,4,117.V.c.4,0.054,2,,,,,,,#DIV/0!,,Contamination in dil5 is very dense so I can't see rhizo. ,#DIV/0!,P
117.V.c,5,117.V.c.5,0.08,2,5,20,12,8,6,14,12,MAG,,6000000,P
117.V.c,6,117.V.c.6,0.1,more than 5,6,C,1,2,C,1,1.333333333,MAG,,6666666.667,P
059.O.a,7,059.O.a.7,0.036,1,2,0,4,4,8,NA,,MAG,DSN,DSN: Done with stored nodules. Not reliable,
059.O.a,8,059.O.a.8,0.015,1,,,,,,,,,DSN,,
059.O.a,9,059.O.a.9,,,,,,,,,,,DSN,,
059.O.b,7,059.O.b.7,0.04,2,,,,,,,,,DSN,,
059.O.b,8,059.O.b.8,,,,,,,,,,,DSN,,
059.O.b,9,059.O.b.9,,,,,,,,,,,DSN,,
059.S.b,7,059.S.b.7,0.07,3,3,1,1,5,6,NA,,MAG,DSN,,
059.S.b,8,059.S.b.8,,,3,3,4,6,2,NA,,MAG,DSN,,
059.S.b,9,059.S.b.9,0.075,4,,,,,,,,,DSN,,
059.S.c,7,059.S.c.7,0.081,5,,,,,,,,,DSN,,
059.S.c,8,059.S.c.8,0.054,3,2,1,1,3,1,NA,,MAG,DSN,,
059.S.c,9,059.S.c.9,0.066,3,2,2,2,1,4,NA,,MAG,DSN,,
044.O.b,7,044.O.b.7,0.053,3,,,,,,,,,DSN,,
044.O.b,8,044.O.b.8,0.033,2,,,,,,,,,DSN,,
044.O.b,9,044.O.b.9,0.048,2,2,cont,cont,cont,cont,,,,DSN,,
044.O.a,7,044.O.a.7,0.177,More than 5,4,2,3,6,9,NA,,MAG,DSN,,
044.O.c,7,044.O.c.7,0.111,5,,,,,,,,,DSN,,
044.S.a,7,044.S.a.7,0.023,1,,,,,,,,,DSN,,
044.S.b,7,044.S.b.7,0.016,2,,,,,,,,,DSN,,
044.S.c,7,044.S.c.7,0.062,3,,,,,,,,,DSN,,
044.S.c,8,044.S.c.8,0.056,2,,,,,,,,,DSN,,
044.S.c,9,044.S.c.9,0.049,3,2,12,10,11,10,NA,,MAG,DSN,,
044.S.c,10,044.S.c.10,0.018,1,,,,,,,,,DSN,,
070.V.c,7,070.V.c.7,0.062,2,,,,,,,,,DSN,,
070.V.c,8,070.V.c.8,0.086,3,1,1,1,0,0,NA,,MAG,DSN,,
070.V.c,9,070.V.c.9,0.021,1,,,,,,,,,DSN,,
070.V.a,7,070.V.a.7,,,,,,,,,,,DSN,,
070.V.a,8,070.V.a.8,,,,,,,,,,,DSN,,
070.V.a,9,070.V.a.9,,,,,,,,,,,DSN,,
070.V.a,10,070.V.a.10,,,1,8,13,13,M,,,MAG,DSN,,
070.V.b,7,070.V.b.7,0.023,2,1,1,0,0,0,,,MAG,DSN,,
070.V.b,8,070.V.b.8,0.006,1,,,,,,,,,DSN,,
059.O.c,7,059.O.c.7,0.06,5,,,,,,,,,DSN,,
059.O.c,8,059.O.c.8,0.009,1,,,,,,,,,DSN,,
059.O.c,9,059.O.c.9,0.012,1,,,,,,,,,DSN,,